timestamp,scenario,operation,iteration,status_code,time_ms,ref,notes
2026-05-01T09:24:33+05:30,student_repo,write,1,201,199.530,-,redis_repository
2026-05-01T09:24:33+05:30,student_repo,write,2,201,6.099,-,redis_repository
2026-05-01T09:24:33+05:30,student_repo,write,3,201,5.070,-,redis_repository
2026-05-01T09:24:33+05:30,student_repo,write,4,201,4.597,-,redis_repository
2026-05-01T09:24:33+05:30,student_repo,write,5,201,5.206,-,redis_repository
2026-05-01T09:24:33+05:30,student_repo,write,6,201,5.160,-,redis_repository
2026-05-01T09:24:33+05:30,student_repo,write,7,201,4.164,-,redis_repository
2026-05-01T09:24:33+05:30,student_repo,write,8,201,4.038,-,redis_repository
2026-05-01T09:24:33+05:30,student_repo,write,9,201,4.796,-,redis_repository
2026-05-01T09:24:33+05:30,student_repo,write,10,201,4.529,-,redis_repository
2026-05-01T09:24:33+05:30,student_repo,write,11,201,4.300,-,redis_repository
2026-05-01T09:24:33+05:30,student_repo,write,12,201,3.757,-,redis_repository
2026-05-01T09:24:33+05:30,student_repo,write,13,201,4.179,-,redis_repository
2026-05-01T09:24:33+05:30,student_repo,write,14,201,3.919,-,redis_repository
2026-05-01T09:24:33+05:30,student_repo,write,15,201,4.299,-,redis_repository
2026-05-01T09:24:33+05:30,student_repo,write,16,201,4.371,-,redis_repository
2026-05-01T09:24:33+05:30,student_repo,write,17,201,4.492,-,redis_repository
2026-05-01T09:24:33+05:30,student_repo,write,18,201,4.615,-,redis_repository
2026-05-01T09:24:33+05:30,student_repo,write,19,201,4.822,-,redis_repository
2026-05-01T09:24:33+05:30,student_repo,write,20,201,4.534,-,redis_repository
2026-05-01T09:24:33+05:30,student_repo,write,21,201,4.752,-,redis_repository
2026-05-01T09:24:33+05:30,student_repo,write,22,201,3.654,-,redis_repository
2026-05-01T09:24:33+05:30,student_repo,write,23,201,4.535,-,redis_repository
2026-05-01T09:24:33+05:30,student_repo,write,24,201,4.390,-,redis_repository
2026-05-01T09:24:33+05:30,student_repo,write,25,201,4.536,-,redis_repository
2026-05-01T09:24:33+05:30,student_repo,write,26,201,5.369,-,redis_repository
2026-05-01T09:24:33+05:30,student_repo,write,27,201,4.494,-,redis_repository
2026-05-01T09:24:33+05:30,student_repo,write,28,201,3.802,-,redis_repository
2026-05-01T09:24:33+05:30,student_repo,write,29,201,4.392,-,redis_repository
2026-05-01T09:24:34+05:30,student_repo,write,30,201,3.936,-,redis_repository
2026-05-01T09:24:34+05:30,student_repo,write,31,201,4.442,-,redis_repository
2026-05-01T09:24:34+05:30,student_repo,write,32,201,4.850,-,redis_repository
2026-05-01T09:24:34+05:30,student_repo,write,33,201,3.905,-,redis_repository
2026-05-01T09:24:34+05:30,student_repo,write,34,201,3.668,-,redis_repository
2026-05-01T09:24:34+05:30,student_repo,write,35,201,3.869,-,redis_repository
2026-05-01T09:24:34+05:30,student_repo,write,36,201,3.714,-,redis_repository
2026-05-01T09:24:34+05:30,student_repo,write,37,201,3.557,-,redis_repository
2026-05-01T09:24:34+05:30,student_repo,write,38,201,3.515,-,redis_repository
2026-05-01T09:24:34+05:30,student_repo,write,39,201,4.653,-,redis_repository
2026-05-01T09:24:34+05:30,student_repo,write,40,201,4.522,-,redis_repository
2026-05-01T09:24:34+05:30,student_repo,write,41,201,4.828,-,redis_repository
2026-05-01T09:24:34+05:30,student_repo,write,42,201,4.688,-,redis_repository
2026-05-01T09:24:34+05:30,student_repo,write,43,201,4.691,-,redis_repository
2026-05-01T09:24:34+05:30,student_repo,write,44,201,5.039,-,redis_repository
2026-05-01T09:24:34+05:30,student_repo,write,45,201,4.066,-,redis_repository
2026-05-01T09:24:34+05:30,student_repo,write,46,201,3.716,-,redis_repository
2026-05-01T09:24:34+05:30,student_repo,write,47,201,4.955,-,redis_repository
2026-05-01T09:24:34+05:30,student_repo,write,48,201,4.631,-,redis_repository
2026-05-01T09:24:34+05:30,student_repo,write,49,201,3.609,-,redis_repository
2026-05-01T09:24:34+05:30,student_repo,write,50,201,5.144,-,redis_repository
2026-05-01T09:24:34+05:30,student_repo,write,51,201,6.125,-,redis_repository
2026-05-01T09:24:34+05:30,student_repo,write,52,201,6.532,-,redis_repository
2026-05-01T09:24:34+05:30,student_repo,write,53,201,4.613,-,redis_repository
2026-05-01T09:24:34+05:30,student_repo,write,54,201,4.138,-,redis_repository
2026-05-01T09:24:34+05:30,student_repo,write,55,201,3.434,-,redis_repository
2026-05-01T09:24:34+05:30,student_repo,write,56,201,4.116,-,redis_repository
2026-05-01T09:24:34+05:30,student_repo,write,57,201,4.843,-,redis_repository
2026-05-01T09:24:34+05:30,student_repo,write,58,201,6.095,-,redis_repository
2026-05-01T09:24:34+05:30,student_repo,write,59,201,4.970,-,redis_repository
2026-05-01T09:24:34+05:30,student_repo,write,60,201,5.675,-,redis_repository
2026-05-01T09:24:34+05:30,student_repo,write,61,201,4.970,-,redis_repository
2026-05-01T09:24:34+05:30,student_repo,write,62,201,4.037,-,redis_repository
2026-05-01T09:24:34+05:30,student_repo,write,63,201,5.943,-,redis_repository
2026-05-01T09:24:34+05:30,student_repo,write,64,201,8.891,-,redis_repository
2026-05-01T09:24:34+05:30,student_repo,write,65,201,3.980,-,redis_repository
2026-05-01T09:24:34+05:30,student_repo,write,66,201,3.698,-,redis_repository
2026-05-01T09:24:34+05:30,student_repo,write,67,201,3.783,-,redis_repository
2026-05-01T09:24:34+05:30,student_repo,write,68,201,3.426,-,redis_repository
2026-05-01T09:24:34+05:30,student_repo,write,69,201,4.028,-,redis_repository
2026-05-01T09:24:34+05:30,student_repo,write,70,201,4.522,-,redis_repository
2026-05-01T09:24:34+05:30,student_repo,write,71,201,4.102,-,redis_repository
2026-05-01T09:24:34+05:30,student_repo,write,72,201,3.709,-,redis_repository
2026-05-01T09:24:35+05:30,student_repo,write,73,201,3.149,-,redis_repository
2026-05-01T09:24:35+05:30,student_repo,write,74,201,3.884,-,redis_repository
2026-05-01T09:24:35+05:30,student_repo,write,75,201,3.340,-,redis_repository
2026-05-01T09:24:35+05:30,student_repo,write,76,201,4.015,-,redis_repository
2026-05-01T09:24:35+05:30,student_repo,write,77,201,4.454,-,redis_repository
2026-05-01T09:24:35+05:30,student_repo,write,78,201,4.882,-,redis_repository
2026-05-01T09:24:35+05:30,student_repo,write,79,201,3.501,-,redis_repository
2026-05-01T09:24:35+05:30,student_repo,write,80,201,3.257,-,redis_repository
2026-05-01T09:24:35+05:30,student_repo,write,81,201,3.032,-,redis_repository
2026-05-01T09:24:35+05:30,student_repo,write,82,201,2.939,-,redis_repository
2026-05-01T09:24:35+05:30,student_repo,write,83,201,3.246,-,redis_repository
2026-05-01T09:24:35+05:30,student_repo,write,84,201,3.398,-,redis_repository
2026-05-01T09:24:35+05:30,student_repo,write,85,201,3.625,-,redis_repository
2026-05-01T09:24:35+05:30,student_repo,write,86,201,8.221,-,redis_repository
2026-05-01T09:24:35+05:30,student_repo,write,87,201,5.954,-,redis_repository
2026-05-01T09:24:35+05:30,student_repo,write,88,201,4.233,-,redis_repository
2026-05-01T09:24:35+05:30,student_repo,write,89,201,3.093,-,redis_repository
2026-05-01T09:24:35+05:30,student_repo,write,90,201,2.873,-,redis_repository
2026-05-01T09:24:35+05:30,student_repo,write,91,201,2.908,-,redis_repository
2026-05-01T09:24:35+05:30,student_repo,write,92,201,3.122,-,redis_repository
2026-05-01T09:24:35+05:30,student_repo,write,93,201,3.024,-,redis_repository
2026-05-01T09:24:35+05:30,student_repo,write,94,201,3.430,-,redis_repository
2026-05-01T09:24:35+05:30,student_repo,write,95,201,4.158,-,redis_repository
2026-05-01T09:24:35+05:30,student_repo,write,96,201,4.005,-,redis_repository
2026-05-01T09:24:35+05:30,student_repo,write,97,201,3.833,-,redis_repository
2026-05-01T09:24:35+05:30,student_repo,write,98,201,2.763,-,redis_repository
2026-05-01T09:24:35+05:30,student_repo,write,99,201,2.761,-,redis_repository
2026-05-01T09:24:35+05:30,student_repo,write,100,201,3.315,-,redis_repository
2026-05-01T09:24:35+05:30,student_repo,write,101,201,3.589,-,redis_repository
2026-05-01T09:24:35+05:30,student_repo,write,102,201,4.534,-,redis_repository
2026-05-01T09:24:35+05:30,student_repo,write,103,201,3.247,-,redis_repository
2026-05-01T09:24:35+05:30,student_repo,write,104,201,2.717,-,redis_repository
2026-05-01T09:24:35+05:30,student_repo,write,105,201,3.398,-,redis_repository
2026-05-01T09:24:35+05:30,student_repo,write,106,201,3.240,-,redis_repository
2026-05-01T09:24:35+05:30,student_repo,write,107,201,3.183,-,redis_repository
2026-05-01T09:24:35+05:30,student_repo,write,108,201,2.846,-,redis_repository
2026-05-01T09:24:35+05:30,student_repo,write,109,201,2.892,-,redis_repository
2026-05-01T09:24:35+05:30,student_repo,write,110,201,2.766,-,redis_repository
2026-05-01T09:24:35+05:30,student_repo,write,111,201,2.640,-,redis_repository
2026-05-01T09:24:35+05:30,student_repo,write,112,201,3.610,-,redis_repository
2026-05-01T09:24:35+05:30,student_repo,write,113,201,3.418,-,redis_repository
2026-05-01T09:24:35+05:30,student_repo,write,114,201,2.848,-,redis_repository
2026-05-01T09:24:35+05:30,student_repo,write,115,201,2.977,-,redis_repository
2026-05-01T09:24:35+05:30,student_repo,write,116,201,2.680,-,redis_repository
2026-05-01T09:24:35+05:30,student_repo,write,117,201,3.602,-,redis_repository
2026-05-01T09:24:35+05:30,student_repo,write,118,201,3.018,-,redis_repository
2026-05-01T09:24:35+05:30,student_repo,write,119,201,2.736,-,redis_repository
2026-05-01T09:24:35+05:30,student_repo,write,120,201,2.566,-,redis_repository
2026-05-01T09:24:35+05:30,student_repo,write,121,201,2.699,-,redis_repository
2026-05-01T09:24:35+05:30,student_repo,write,122,201,2.930,-,redis_repository
2026-05-01T09:24:35+05:30,student_repo,write,123,201,3.259,-,redis_repository
2026-05-01T09:24:35+05:30,student_repo,write,124,201,3.634,-,redis_repository
2026-05-01T09:24:35+05:30,student_repo,write,125,201,2.846,-,redis_repository
2026-05-01T09:24:35+05:30,student_repo,write,126,201,3.628,-,redis_repository
2026-05-01T09:24:36+05:30,student_repo,write,127,201,3.147,-,redis_repository
2026-05-01T09:24:36+05:30,student_repo,write,128,201,7.033,-,redis_repository
2026-05-01T09:24:36+05:30,student_repo,write,129,201,3.140,-,redis_repository
2026-05-01T09:24:36+05:30,student_repo,write,130,201,2.661,-,redis_repository
2026-05-01T09:24:36+05:30,student_repo,write,131,201,2.808,-,redis_repository
2026-05-01T09:24:36+05:30,student_repo,write,132,201,2.531,-,redis_repository
2026-05-01T09:24:36+05:30,student_repo,write,133,201,2.526,-,redis_repository
2026-05-01T09:24:36+05:30,student_repo,write,134,201,3.148,-,redis_repository
2026-05-01T09:24:36+05:30,student_repo,write,135,201,2.729,-,redis_repository
2026-05-01T09:24:36+05:30,student_repo,write,136,201,2.526,-,redis_repository
2026-05-01T09:24:36+05:30,student_repo,write,137,201,2.649,-,redis_repository
2026-05-01T09:24:36+05:30,student_repo,write,138,201,2.776,-,redis_repository
2026-05-01T09:24:36+05:30,student_repo,write,139,201,2.559,-,redis_repository
2026-05-01T09:24:36+05:30,student_repo,write,140,201,3.001,-,redis_repository
2026-05-01T09:24:36+05:30,student_repo,write,141,201,2.673,-,redis_repository
2026-05-01T09:24:36+05:30,student_repo,write,142,201,2.561,-,redis_repository
2026-05-01T09:24:36+05:30,student_repo,write,143,201,2.593,-,redis_repository
2026-05-01T09:24:36+05:30,student_repo,write,144,201,2.968,-,redis_repository
2026-05-01T09:24:36+05:30,student_repo,write,145,201,2.720,-,redis_repository
2026-05-01T09:24:36+05:30,student_repo,write,146,201,2.555,-,redis_repository
2026-05-01T09:24:36+05:30,student_repo,write,147,201,2.548,-,redis_repository
2026-05-01T09:24:36+05:30,student_repo,write,148,201,2.572,-,redis_repository
2026-05-01T09:24:36+05:30,student_repo,write,149,201,2.587,-,redis_repository
2026-05-01T09:24:36+05:30,student_repo,write,150,201,2.505,-,redis_repository
2026-05-01T09:24:36+05:30,student_repo,write,151,201,2.539,-,redis_repository
2026-05-01T09:24:36+05:30,student_repo,write,152,201,2.902,-,redis_repository
2026-05-01T09:24:36+05:30,student_repo,write,153,201,3.188,-,redis_repository
2026-05-01T09:24:36+05:30,student_repo,write,154,201,2.651,-,redis_repository
2026-05-01T09:24:36+05:30,student_repo,write,155,201,2.585,-,redis_repository
2026-05-01T09:24:36+05:30,student_repo,write,156,201,2.708,-,redis_repository
2026-05-01T09:24:36+05:30,student_repo,write,157,201,2.753,-,redis_repository
2026-05-01T09:24:36+05:30,student_repo,write,158,201,3.426,-,redis_repository
2026-05-01T09:24:36+05:30,student_repo,write,159,201,2.848,-,redis_repository
2026-05-01T09:24:36+05:30,student_repo,write,160,201,2.781,-,redis_repository
2026-05-01T09:24:36+05:30,student_repo,write,161,201,2.668,-,redis_repository
2026-05-01T09:24:36+05:30,student_repo,write,162,201,2.527,-,redis_repository
2026-05-01T09:24:36+05:30,student_repo,write,163,201,2.913,-,redis_repository
2026-05-01T09:24:36+05:30,student_repo,write,164,201,2.783,-,redis_repository
2026-05-01T09:24:36+05:30,student_repo,write,165,201,2.771,-,redis_repository
2026-05-01T09:24:36+05:30,student_repo,write,166,201,2.517,-,redis_repository
2026-05-01T09:24:36+05:30,student_repo,write,167,201,2.560,-,redis_repository
2026-05-01T09:24:36+05:30,student_repo,write,168,201,2.578,-,redis_repository
2026-05-01T09:24:36+05:30,student_repo,write,169,201,2.537,-,redis_repository
2026-05-01T09:24:36+05:30,student_repo,write,170,201,2.711,-,redis_repository
2026-05-01T09:24:36+05:30,student_repo,write,171,201,2.568,-,redis_repository
2026-05-01T09:24:36+05:30,student_repo,write,172,201,2.624,-,redis_repository
2026-05-01T09:24:36+05:30,student_repo,write,173,201,2.597,-,redis_repository
2026-05-01T09:24:36+05:30,student_repo,write,174,201,2.625,-,redis_repository
2026-05-01T09:24:36+05:30,student_repo,write,175,201,2.543,-,redis_repository
2026-05-01T09:24:36+05:30,student_repo,write,176,201,2.794,-,redis_repository
2026-05-01T09:24:36+05:30,student_repo,write,177,201,2.763,-,redis_repository
2026-05-01T09:24:36+05:30,student_repo,write,178,201,2.645,-,redis_repository
2026-05-01T09:24:36+05:30,student_repo,write,179,201,2.687,-,redis_repository
2026-05-01T09:24:36+05:30,student_repo,write,180,201,2.691,-,redis_repository
2026-05-01T09:24:36+05:30,student_repo,write,181,201,2.593,-,redis_repository
2026-05-01T09:24:36+05:30,student_repo,write,182,201,2.885,-,redis_repository
2026-05-01T09:24:36+05:30,student_repo,write,183,201,2.484,-,redis_repository
2026-05-01T09:24:36+05:30,student_repo,write,184,201,2.689,-,redis_repository
2026-05-01T09:24:36+05:30,student_repo,write,185,201,3.233,-,redis_repository
2026-05-01T09:24:36+05:30,student_repo,write,186,201,2.542,-,redis_repository
2026-05-01T09:24:36+05:30,student_repo,write,187,201,2.489,-,redis_repository
2026-05-01T09:24:37+05:30,student_repo,write,188,201,3.472,-,redis_repository
2026-05-01T09:24:37+05:30,student_repo,write,189,201,2.794,-,redis_repository
2026-05-01T09:24:37+05:30,student_repo,write,190,201,2.664,-,redis_repository
2026-05-01T09:24:37+05:30,student_repo,write,191,201,2.787,-,redis_repository
2026-05-01T09:24:37+05:30,student_repo,write,192,201,3.126,-,redis_repository
2026-05-01T09:24:37+05:30,student_repo,write,193,201,3.669,-,redis_repository
2026-05-01T09:24:37+05:30,student_repo,write,194,201,3.419,-,redis_repository
2026-05-01T09:24:37+05:30,student_repo,write,195,201,2.518,-,redis_repository
2026-05-01T09:24:37+05:30,student_repo,write,196,201,2.554,-,redis_repository
2026-05-01T09:24:37+05:30,student_repo,write,197,201,2.597,-,redis_repository
2026-05-01T09:24:37+05:30,student_repo,write,198,201,2.707,-,redis_repository
2026-05-01T09:24:37+05:30,student_repo,write,199,201,2.566,-,redis_repository
2026-05-01T09:24:37+05:30,student_repo,write,200,201,3.195,-,redis_repository
2026-05-01T09:24:37+05:30,student_repo,write,201,201,2.677,-,redis_repository
2026-05-01T09:24:37+05:30,student_repo,write,202,201,2.527,-,redis_repository
2026-05-01T09:24:37+05:30,student_repo,write,203,201,2.731,-,redis_repository
2026-05-01T09:24:37+05:30,student_repo,write,204,201,2.679,-,redis_repository
2026-05-01T09:24:37+05:30,student_repo,write,205,201,3.497,-,redis_repository
2026-05-01T09:24:37+05:30,student_repo,write,206,201,2.873,-,redis_repository
2026-05-01T09:24:37+05:30,student_repo,write,207,201,3.374,-,redis_repository
2026-05-01T09:24:37+05:30,student_repo,write,208,201,2.464,-,redis_repository
2026-05-01T09:24:37+05:30,student_repo,write,209,201,2.450,-,redis_repository
2026-05-01T09:24:37+05:30,student_repo,write,210,201,3.112,-,redis_repository
2026-05-01T09:24:37+05:30,student_repo,write,211,201,2.577,-,redis_repository
2026-05-01T09:24:37+05:30,student_repo,write,212,201,2.620,-,redis_repository
2026-05-01T09:24:37+05:30,student_repo,write,213,201,2.534,-,redis_repository
2026-05-01T09:24:37+05:30,student_repo,write,214,201,2.536,-,redis_repository
2026-05-01T09:24:37+05:30,student_repo,write,215,201,2.635,-,redis_repository
2026-05-01T09:24:37+05:30,student_repo,write,216,201,2.558,-,redis_repository
2026-05-01T09:24:37+05:30,student_repo,write,217,201,2.533,-,redis_repository
2026-05-01T09:24:37+05:30,student_repo,write,218,201,2.771,-,redis_repository
2026-05-01T09:24:37+05:30,student_repo,write,219,201,2.466,-,redis_repository
2026-05-01T09:24:37+05:30,student_repo,write,220,201,2.668,-,redis_repository
2026-05-01T09:24:37+05:30,student_repo,write,221,201,2.487,-,redis_repository
2026-05-01T09:24:37+05:30,student_repo,write,222,201,2.387,-,redis_repository
2026-05-01T09:24:37+05:30,student_repo,write,223,201,2.481,-,redis_repository
2026-05-01T09:24:37+05:30,student_repo,write,224,201,2.451,-,redis_repository
2026-05-01T09:24:37+05:30,student_repo,write,225,201,2.348,-,redis_repository
2026-05-01T09:24:37+05:30,student_repo,write,226,201,2.671,-,redis_repository
2026-05-01T09:24:37+05:30,student_repo,write,227,201,2.508,-,redis_repository
2026-05-01T09:24:37+05:30,student_repo,write,228,201,2.474,-,redis_repository
2026-05-01T09:24:37+05:30,student_repo,write,229,201,2.421,-,redis_repository
2026-05-01T09:24:37+05:30,student_repo,write,230,201,2.620,-,redis_repository
2026-05-01T09:24:37+05:30,student_repo,write,231,201,2.686,-,redis_repository
2026-05-01T09:24:37+05:30,student_repo,write,232,201,2.759,-,redis_repository
2026-05-01T09:24:37+05:30,student_repo,write,233,201,2.893,-,redis_repository
2026-05-01T09:24:37+05:30,student_repo,write,234,201,2.513,-,redis_repository
2026-05-01T09:24:37+05:30,student_repo,write,235,201,2.531,-,redis_repository
2026-05-01T09:24:37+05:30,student_repo,write,236,201,3.200,-,redis_repository
2026-05-01T09:24:37+05:30,student_repo,write,237,201,2.590,-,redis_repository
2026-05-01T09:24:37+05:30,student_repo,write,238,201,2.628,-,redis_repository
2026-05-01T09:24:37+05:30,student_repo,write,239,201,2.482,-,redis_repository
2026-05-01T09:24:37+05:30,student_repo,write,240,201,2.524,-,redis_repository
2026-05-01T09:24:37+05:30,student_repo,write,241,201,2.502,-,redis_repository
2026-05-01T09:24:37+05:30,student_repo,write,242,201,2.449,-,redis_repository
2026-05-01T09:24:37+05:30,student_repo,write,243,201,2.411,-,redis_repository
2026-05-01T09:24:37+05:30,student_repo,write,244,201,2.632,-,redis_repository
2026-05-01T09:24:37+05:30,student_repo,write,245,201,2.519,-,redis_repository
2026-05-01T09:24:37+05:30,student_repo,write,246,201,2.602,-,redis_repository
2026-05-01T09:24:37+05:30,student_repo,write,247,201,2.521,-,redis_repository
2026-05-01T09:24:37+05:30,student_repo,write,248,201,2.440,-,redis_repository
2026-05-01T09:24:38+05:30,student_repo,write,249,201,2.457,-,redis_repository
2026-05-01T09:24:38+05:30,student_repo,write,250,201,2.561,-,redis_repository
2026-05-01T09:24:38+05:30,student_repo,read,1,200,44.910,1000000,redis_repository
2026-05-01T09:24:38+05:30,student_repo,read,2,200,4.343,1000000,redis_repository
2026-05-01T09:24:38+05:30,student_repo,read,3,200,3.177,1000000,redis_repository
2026-05-01T09:24:38+05:30,student_repo,read,4,200,3.434,1000000,redis_repository
2026-05-01T09:24:38+05:30,student_repo,read,5,200,2.718,1000000,redis_repository
2026-05-01T09:24:38+05:30,student_repo,read,6,200,3.888,1000000,redis_repository
2026-05-01T09:24:38+05:30,student_repo,read,7,200,3.105,1000000,redis_repository
2026-05-01T09:24:38+05:30,student_repo,read,8,200,9.331,1000000,redis_repository
2026-05-01T09:24:38+05:30,student_repo,read,9,200,2.404,1000000,redis_repository
2026-05-01T09:24:38+05:30,student_repo,read,10,200,2.306,1000000,redis_repository
2026-05-01T09:24:38+05:30,student_repo,read,11,200,2.205,1000000,redis_repository
2026-05-01T09:24:38+05:30,student_repo,read,12,200,2.991,1000000,redis_repository
2026-05-01T09:24:38+05:30,student_repo,read,13,200,2.530,1000000,redis_repository
2026-05-01T09:24:38+05:30,student_repo,read,14,200,2.310,1000000,redis_repository
2026-05-01T09:24:38+05:30,student_repo,read,15,200,2.224,1000000,redis_repository
2026-05-01T09:24:38+05:30,student_repo,read,16,200,13.182,1000000,redis_repository
2026-05-01T09:24:38+05:30,student_repo,read,17,200,2.570,1000000,redis_repository
2026-05-01T09:24:38+05:30,student_repo,read,18,200,9.087,1000000,redis_repository
2026-05-01T09:24:38+05:30,student_repo,read,19,200,2.603,1000000,redis_repository
2026-05-01T09:24:38+05:30,student_repo,read,20,200,2.271,1000000,redis_repository
2026-05-01T09:24:38+05:30,student_repo,read,21,200,2.965,1000000,redis_repository
2026-05-01T09:24:38+05:30,student_repo,read,22,200,4.061,1000000,redis_repository
2026-05-01T09:24:38+05:30,student_repo,read,23,200,2.900,1000000,redis_repository
2026-05-01T09:24:38+05:30,student_repo,read,24,200,2.241,1000000,redis_repository
2026-05-01T09:24:38+05:30,student_repo,read,25,200,2.184,1000000,redis_repository
2026-05-01T09:24:38+05:30,student_repo,read,26,200,2.363,1000000,redis_repository
2026-05-01T09:24:38+05:30,student_repo,read,27,200,2.482,1000000,redis_repository
2026-05-01T09:24:38+05:30,student_repo,read,28,200,2.811,1000000,redis_repository
2026-05-01T09:24:38+05:30,student_repo,read,29,200,2.407,1000000,redis_repository
2026-05-01T09:24:38+05:30,student_repo,read,30,200,2.300,1000000,redis_repository
2026-05-01T09:24:38+05:30,student_repo,read,31,200,2.298,1000000,redis_repository
2026-05-01T09:24:38+05:30,student_repo,read,32,200,2.375,1000000,redis_repository
2026-05-01T09:24:38+05:30,student_repo,read,33,200,2.178,1000000,redis_repository
2026-05-01T09:24:38+05:30,student_repo,read,34,200,2.134,1000000,redis_repository
2026-05-01T09:24:38+05:30,student_repo,read,35,200,2.362,1000000,redis_repository
2026-05-01T09:24:38+05:30,student_repo,read,36,200,2.080,1000000,redis_repository
2026-05-01T09:24:38+05:30,student_repo,read,37,200,2.501,1000000,redis_repository
2026-05-01T09:24:38+05:30,student_repo,read,38,200,2.298,1000000,redis_repository
2026-05-01T09:24:38+05:30,student_repo,read,39,200,2.109,1000000,redis_repository
2026-05-01T09:24:38+05:30,student_repo,read,40,200,2.253,1000000,redis_repository
2026-05-01T09:24:38+05:30,student_repo,read,41,200,2.109,1000000,redis_repository
2026-05-01T09:24:38+05:30,student_repo,read,42,200,2.249,1000000,redis_repository
2026-05-01T09:24:38+05:30,student_repo,read,43,200,2.411,1000000,redis_repository
2026-05-01T09:24:38+05:30,student_repo,read,44,200,2.111,1000000,redis_repository
2026-05-01T09:24:38+05:30,student_repo,read,45,200,2.127,1000000,redis_repository
2026-05-01T09:24:38+05:30,student_repo,read,46,200,2.154,1000000,redis_repository
2026-05-01T09:24:38+05:30,student_repo,read,47,200,2.058,1000000,redis_repository
2026-05-01T09:24:38+05:30,student_repo,read,48,200,2.331,1000000,redis_repository
2026-05-01T09:24:38+05:30,student_repo,read,49,200,14.030,1000000,redis_repository
2026-05-01T09:24:38+05:30,student_repo,read,50,200,2.198,1000000,redis_repository
2026-05-01T09:24:38+05:30,student_repo,read,51,200,2.182,1000000,redis_repository
2026-05-01T09:24:38+05:30,student_repo,read,52,200,2.257,1000000,redis_repository
2026-05-01T09:24:38+05:30,student_repo,read,53,200,2.668,1000000,redis_repository
2026-05-01T09:24:38+05:30,student_repo,read,54,200,2.220,1000000,redis_repository
2026-05-01T09:24:38+05:30,student_repo,read,55,200,2.092,1000000,redis_repository
2026-05-01T09:24:38+05:30,student_repo,read,56,200,2.045,1000000,redis_repository
2026-05-01T09:24:38+05:30,student_repo,read,57,200,2.659,1000000,redis_repository
2026-05-01T09:24:38+05:30,student_repo,read,58,200,2.793,1000000,redis_repository
2026-05-01T09:24:38+05:30,student_repo,read,59,200,2.154,1000000,redis_repository
2026-05-01T09:24:38+05:30,student_repo,read,60,200,2.027,1000000,redis_repository
2026-05-01T09:24:38+05:30,student_repo,read,61,200,2.063,1000000,redis_repository
2026-05-01T09:24:38+05:30,student_repo,read,62,200,2.665,1000000,redis_repository
2026-05-01T09:24:38+05:30,student_repo,read,63,200,2.223,1000000,redis_repository
2026-05-01T09:24:38+05:30,student_repo,read,64,200,3.643,1000000,redis_repository
2026-05-01T09:24:38+05:30,student_repo,read,65,200,2.445,1000000,redis_repository
2026-05-01T09:24:38+05:30,student_repo,read,66,200,2.623,1000000,redis_repository
2026-05-01T09:24:38+05:30,student_repo,read,67,200,10.798,1000000,redis_repository
2026-05-01T09:24:38+05:30,student_repo,read,68,200,2.390,1000000,redis_repository
2026-05-01T09:24:38+05:30,student_repo,read,69,200,2.391,1000000,redis_repository
2026-05-01T09:24:38+05:30,student_repo,read,70,200,2.553,1000000,redis_repository
2026-05-01T09:24:38+05:30,student_repo,read,71,200,2.689,1000000,redis_repository
2026-05-01T09:24:38+05:30,student_repo,read,72,200,2.069,1000000,redis_repository
2026-05-01T09:24:38+05:30,student_repo,read,73,200,2.669,1000000,redis_repository
2026-05-01T09:24:38+05:30,student_repo,read,74,200,3.120,1000000,redis_repository
2026-05-01T09:24:38+05:30,student_repo,read,75,200,2.251,1000000,redis_repository
2026-05-01T09:24:38+05:30,student_repo,read,76,200,3.024,1000000,redis_repository
2026-05-01T09:24:38+05:30,student_repo,read,77,200,3.518,1000000,redis_repository
2026-05-01T09:24:38+05:30,student_repo,read,78,200,2.432,1000000,redis_repository
2026-05-01T09:24:38+05:30,student_repo,read,79,200,11.802,1000000,redis_repository
2026-05-01T09:24:39+05:30,student_repo,read,80,200,2.482,1000000,redis_repository
2026-05-01T09:24:39+05:30,student_repo,read,81,200,3.006,1000000,redis_repository
2026-05-01T09:24:39+05:30,student_repo,read,82,200,2.716,1000000,redis_repository
2026-05-01T09:24:39+05:30,student_repo,read,83,200,2.137,1000000,redis_repository
2026-05-01T09:24:39+05:30,student_repo,read,84,200,2.817,1000000,redis_repository
2026-05-01T09:24:39+05:30,student_repo,read,85,200,8.664,1000000,redis_repository
2026-05-01T09:24:39+05:30,student_repo,read,86,200,8.440,1000000,redis_repository
2026-05-01T09:24:39+05:30,student_repo,read,87,200,2.351,1000000,redis_repository
2026-05-01T09:24:39+05:30,student_repo,read,88,200,2.615,1000000,redis_repository
2026-05-01T09:24:39+05:30,student_repo,read,89,200,2.119,1000000,redis_repository
2026-05-01T09:24:39+05:30,student_repo,read,90,200,2.155,1000000,redis_repository
2026-05-01T09:24:39+05:30,student_repo,read,91,200,7.973,1000000,redis_repository
2026-05-01T09:24:39+05:30,student_repo,read,92,200,10.400,1000000,redis_repository
2026-05-01T09:24:39+05:30,student_repo,read,93,200,1.985,1000000,redis_repository
2026-05-01T09:24:39+05:30,student_repo,read,94,200,9.961,1000000,redis_repository
2026-05-01T09:24:39+05:30,student_repo,read,95,200,8.211,1000000,redis_repository
2026-05-01T09:24:39+05:30,student_repo,read,96,200,2.662,1000000,redis_repository
2026-05-01T09:24:39+05:30,student_repo,read,97,200,2.032,1000000,redis_repository
2026-05-01T09:24:39+05:30,student_repo,read,98,200,8.695,1000000,redis_repository
2026-05-01T09:24:39+05:30,student_repo,read,99,200,8.310,1000000,redis_repository
2026-05-01T09:24:39+05:30,student_repo,read,100,200,2.151,1000000,redis_repository
2026-05-01T09:24:39+05:30,student_repo,read,101,200,2.282,1000000,redis_repository
2026-05-01T09:24:39+05:30,student_repo,read,102,200,2.514,1000000,redis_repository
2026-05-01T09:24:39+05:30,student_repo,read,103,200,2.301,1000000,redis_repository
2026-05-01T09:24:39+05:30,student_repo,read,104,200,2.057,1000000,redis_repository
2026-05-01T09:24:39+05:30,student_repo,read,105,200,2.006,1000000,redis_repository
2026-05-01T09:24:39+05:30,student_repo,read,106,200,1.972,1000000,redis_repository
2026-05-01T09:24:39+05:30,student_repo,read,107,200,2.036,1000000,redis_repository
2026-05-01T09:24:39+05:30,student_repo,read,108,200,2.097,1000000,redis_repository
2026-05-01T09:24:39+05:30,student_repo,read,109,200,8.413,1000000,redis_repository
2026-05-01T09:24:39+05:30,student_repo,read,110,200,8.335,1000000,redis_repository
2026-05-01T09:24:39+05:30,student_repo,read,111,200,8.036,1000000,redis_repository
2026-05-01T09:24:39+05:30,student_repo,read,112,200,2.243,1000000,redis_repository
2026-05-01T09:24:39+05:30,student_repo,read,113,200,1.967,1000000,redis_repository
2026-05-01T09:24:39+05:30,student_repo,read,114,200,2.008,1000000,redis_repository
2026-05-01T09:24:39+05:30,student_repo,read,115,200,2.051,1000000,redis_repository
2026-05-01T09:24:39+05:30,student_repo,read,116,200,2.052,1000000,redis_repository
2026-05-01T09:24:39+05:30,student_repo,read,117,200,2.226,1000000,redis_repository
2026-05-01T09:24:39+05:30,student_repo,read,118,200,2.113,1000000,redis_repository
2026-05-01T09:24:39+05:30,student_repo,read,119,200,8.355,1000000,redis_repository
2026-05-01T09:24:39+05:30,student_repo,read,120,200,2.340,1000000,redis_repository
2026-05-01T09:24:39+05:30,student_repo,read,121,200,9.025,1000000,redis_repository
2026-05-01T09:24:39+05:30,student_repo,read,122,200,2.130,1000000,redis_repository
2026-05-01T09:24:39+05:30,student_repo,read,123,200,8.556,1000000,redis_repository
2026-05-01T09:24:39+05:30,student_repo,read,124,200,1.993,1000000,redis_repository
2026-05-01T09:24:39+05:30,student_repo,read,125,200,2.075,1000000,redis_repository
2026-05-01T09:24:39+05:30,student_repo,read,126,200,2.260,1000000,redis_repository
2026-05-01T09:24:39+05:30,student_repo,read,127,200,2.047,1000000,redis_repository
2026-05-01T09:24:39+05:30,student_repo,read,128,200,5.719,1000000,redis_repository
2026-05-01T09:24:39+05:30,student_repo,read,129,200,8.596,1000000,redis_repository
2026-05-01T09:24:39+05:30,student_repo,read,130,200,2.409,1000000,redis_repository
2026-05-01T09:24:39+05:30,student_repo,read,131,200,2.473,1000000,redis_repository
2026-05-01T09:24:39+05:30,student_repo,read,132,200,2.701,1000000,redis_repository
2026-05-01T09:24:39+05:30,student_repo,read,133,200,2.233,1000000,redis_repository
2026-05-01T09:24:39+05:30,student_repo,read,134,200,3.206,1000000,redis_repository
2026-05-01T09:24:39+05:30,student_repo,read,135,200,2.551,1000000,redis_repository
2026-05-01T09:24:39+05:30,student_repo,read,136,200,2.033,1000000,redis_repository
2026-05-01T09:24:39+05:30,student_repo,read,137,200,1.973,1000000,redis_repository
2026-05-01T09:24:39+05:30,student_repo,read,138,200,2.569,1000000,redis_repository
2026-05-01T09:24:39+05:30,student_repo,read,139,200,2.624,1000000,redis_repository
2026-05-01T09:24:39+05:30,student_repo,read,140,200,1.939,1000000,redis_repository
2026-05-01T09:24:39+05:30,student_repo,read,141,200,2.086,1000000,redis_repository
2026-05-01T09:24:39+05:30,student_repo,read,142,200,8.744,1000000,redis_repository
2026-05-01T09:24:39+05:30,student_repo,read,143,200,2.074,1000000,redis_repository
2026-05-01T09:24:39+05:30,student_repo,read,144,200,8.479,1000000,redis_repository
2026-05-01T09:24:39+05:30,student_repo,read,145,200,1.958,1000000,redis_repository
2026-05-01T09:24:39+05:30,student_repo,read,146,200,2.654,1000000,redis_repository
2026-05-01T09:24:39+05:30,student_repo,read,147,200,2.035,1000000,redis_repository
2026-05-01T09:24:39+05:30,student_repo,read,148,200,2.741,1000000,redis_repository
2026-05-01T09:24:39+05:30,student_repo,read,149,200,1.961,1000000,redis_repository
2026-05-01T09:24:39+05:30,student_repo,read,150,200,1.904,1000000,redis_repository
2026-05-01T09:24:39+05:30,student_repo,read,151,200,2.727,1000000,redis_repository
2026-05-01T09:24:39+05:30,student_repo,read,152,200,1.954,1000000,redis_repository
2026-05-01T09:24:39+05:30,student_repo,read,153,200,8.611,1000000,redis_repository
2026-05-01T09:24:39+05:30,student_repo,read,154,200,8.085,1000000,redis_repository
2026-05-01T09:24:39+05:30,student_repo,read,155,200,2.063,1000000,redis_repository
2026-05-01T09:24:39+05:30,student_repo,read,156,200,1.879,1000000,redis_repository
2026-05-01T09:24:39+05:30,student_repo,read,157,200,2.112,1000000,redis_repository
2026-05-01T09:24:39+05:30,student_repo,read,158,200,2.646,1000000,redis_repository
2026-05-01T09:24:39+05:30,student_repo,read,159,200,9.502,1000000,redis_repository
2026-05-01T09:24:39+05:30,student_repo,read,160,200,1.943,1000000,redis_repository
2026-05-01T09:24:39+05:30,student_repo,read,161,200,2.626,1000000,redis_repository
2026-05-01T09:24:39+05:30,student_repo,read,162,200,1.887,1000000,redis_repository
2026-05-01T09:24:39+05:30,student_repo,read,163,200,1.900,1000000,redis_repository
2026-05-01T09:24:40+05:30,student_repo,read,164,200,2.014,1000000,redis_repository
2026-05-01T09:24:40+05:30,student_repo,read,165,200,1.924,1000000,redis_repository
2026-05-01T09:24:40+05:30,student_repo,read,166,200,2.269,1000000,redis_repository
2026-05-01T09:24:40+05:30,student_repo,read,167,200,1.930,1000000,redis_repository
2026-05-01T09:24:40+05:30,student_repo,read,168,200,2.176,1000000,redis_repository
2026-05-01T09:24:40+05:30,student_repo,read,169,200,8.365,1000000,redis_repository
2026-05-01T09:24:40+05:30,student_repo,read,170,200,1.905,1000000,redis_repository
2026-05-01T09:24:40+05:30,student_repo,read,171,200,8.614,1000000,redis_repository
2026-05-01T09:24:40+05:30,student_repo,read,172,200,2.104,1000000,redis_repository
2026-05-01T09:24:40+05:30,student_repo,read,173,200,12.763,1000000,redis_repository
2026-05-01T09:24:40+05:30,student_repo,read,174,200,1.974,1000000,redis_repository
2026-05-01T09:24:40+05:30,student_repo,read,175,200,1.880,1000000,redis_repository
2026-05-01T09:24:40+05:30,student_repo,read,176,200,2.029,1000000,redis_repository
2026-05-01T09:24:40+05:30,student_repo,read,177,200,1.961,1000000,redis_repository
2026-05-01T09:24:40+05:30,student_repo,read,178,200,1.975,1000000,redis_repository
2026-05-01T09:24:40+05:30,student_repo,read,179,200,1.986,1000000,redis_repository
2026-05-01T09:24:40+05:30,student_repo,read,180,200,8.055,1000000,redis_repository
2026-05-01T09:24:40+05:30,student_repo,read,181,200,1.897,1000000,redis_repository
2026-05-01T09:24:40+05:30,student_repo,read,182,200,2.683,1000000,redis_repository
2026-05-01T09:24:40+05:30,student_repo,read,183,200,1.981,1000000,redis_repository
2026-05-01T09:24:40+05:30,student_repo,read,184,200,2.236,1000000,redis_repository
2026-05-01T09:24:40+05:30,student_repo,read,185,200,2.543,1000000,redis_repository
2026-05-01T09:24:40+05:30,student_repo,read,186,200,2.354,1000000,redis_repository
2026-05-01T09:24:40+05:30,student_repo,read,187,200,2.396,1000000,redis_repository
2026-05-01T09:24:40+05:30,student_repo,read,188,200,2.236,1000000,redis_repository
2026-05-01T09:24:40+05:30,student_repo,read,189,200,2.543,1000000,redis_repository
2026-05-01T09:24:40+05:30,student_repo,read,190,200,2.072,1000000,redis_repository
2026-05-01T09:24:40+05:30,student_repo,read,191,200,1.913,1000000,redis_repository
2026-05-01T09:24:40+05:30,student_repo,read,192,200,2.236,1000000,redis_repository
2026-05-01T09:24:40+05:30,student_repo,read,193,200,2.078,1000000,redis_repository
2026-05-01T09:24:40+05:30,student_repo,read,194,200,2.016,1000000,redis_repository
2026-05-01T09:24:40+05:30,student_repo,read,195,200,1.918,1000000,redis_repository
2026-05-01T09:24:40+05:30,student_repo,read,196,200,2.634,1000000,redis_repository
2026-05-01T09:24:40+05:30,student_repo,read,197,200,1.876,1000000,redis_repository
2026-05-01T09:24:40+05:30,student_repo,read,198,200,2.055,1000000,redis_repository
2026-05-01T09:24:40+05:30,student_repo,read,199,200,1.987,1000000,redis_repository
2026-05-01T09:24:40+05:30,student_repo,read,200,200,2.212,1000000,redis_repository
2026-05-01T09:24:40+05:30,student_repo,read,201,200,2.058,1000000,redis_repository
2026-05-01T09:24:40+05:30,student_repo,read,202,200,8.936,1000000,redis_repository
2026-05-01T09:24:40+05:30,student_repo,read,203,200,2.282,1000000,redis_repository
2026-05-01T09:24:40+05:30,student_repo,read,204,200,2.296,1000000,redis_repository
2026-05-01T09:24:40+05:30,student_repo,read,205,200,2.146,1000000,redis_repository
2026-05-01T09:24:40+05:30,student_repo,read,206,200,2.185,1000000,redis_repository
2026-05-01T09:24:40+05:30,student_repo,read,207,200,2.111,1000000,redis_repository
2026-05-01T09:24:40+05:30,student_repo,read,208,200,2.244,1000000,redis_repository
2026-05-01T09:24:40+05:30,student_repo,read,209,200,2.013,1000000,redis_repository
2026-05-01T09:24:40+05:30,student_repo,read,210,200,8.716,1000000,redis_repository
2026-05-01T09:24:40+05:30,student_repo,read,211,200,8.684,1000000,redis_repository
2026-05-01T09:24:40+05:30,student_repo,read,212,200,8.640,1000000,redis_repository
2026-05-01T09:24:40+05:30,student_repo,read,213,200,2.189,1000000,redis_repository
2026-05-01T09:24:40+05:30,student_repo,read,214,200,2.971,1000000,redis_repository
2026-05-01T09:24:40+05:30,student_repo,read,215,200,2.109,1000000,redis_repository
2026-05-01T09:24:40+05:30,student_repo,read,216,200,1.941,1000000,redis_repository
2026-05-01T09:24:40+05:30,student_repo,read,217,200,2.084,1000000,redis_repository
2026-05-01T09:24:40+05:30,student_repo,read,218,200,1.956,1000000,redis_repository
2026-05-01T09:24:40+05:30,student_repo,read,219,200,2.118,1000000,redis_repository
2026-05-01T09:24:40+05:30,student_repo,read,220,200,2.497,1000000,redis_repository
2026-05-01T09:24:40+05:30,student_repo,read,221,200,2.264,1000000,redis_repository
2026-05-01T09:24:40+05:30,student_repo,read,222,200,2.138,1000000,redis_repository
2026-05-01T09:24:40+05:30,student_repo,read,223,200,8.279,1000000,redis_repository
2026-05-01T09:24:40+05:30,student_repo,read,224,200,2.992,1000000,redis_repository
2026-05-01T09:24:40+05:30,student_repo,read,225,200,8.274,1000000,redis_repository
2026-05-01T09:24:40+05:30,student_repo,read,226,200,8.906,1000000,redis_repository
2026-05-01T09:24:40+05:30,student_repo,read,227,200,9.944,1000000,redis_repository
2026-05-01T09:24:40+05:30,student_repo,read,228,200,2.472,1000000,redis_repository
2026-05-01T09:24:40+05:30,student_repo,read,229,200,8.426,1000000,redis_repository
2026-05-01T09:24:40+05:30,student_repo,read,230,200,1.988,1000000,redis_repository
2026-05-01T09:24:40+05:30,student_repo,read,231,200,2.555,1000000,redis_repository
2026-05-01T09:24:40+05:30,student_repo,read,232,200,2.522,1000000,redis_repository
2026-05-01T09:24:40+05:30,student_repo,read,233,200,9.726,1000000,redis_repository
2026-05-01T09:24:40+05:30,student_repo,read,234,200,2.100,1000000,redis_repository
2026-05-01T09:24:40+05:30,student_repo,read,235,200,8.464,1000000,redis_repository
2026-05-01T09:24:40+05:30,student_repo,read,236,200,8.433,1000000,redis_repository
2026-05-01T09:24:40+05:30,student_repo,read,237,200,2.659,1000000,redis_repository
2026-05-01T09:24:40+05:30,student_repo,read,238,200,2.273,1000000,redis_repository
2026-05-01T09:24:40+05:30,student_repo,read,239,200,1.928,1000000,redis_repository
2026-05-01T09:24:40+05:30,student_repo,read,240,200,1.900,1000000,redis_repository
2026-05-01T09:24:40+05:30,student_repo,read,241,200,1.997,1000000,redis_repository
2026-05-01T09:24:40+05:30,student_repo,read,242,200,5.354,1000000,redis_repository
2026-05-01T09:24:40+05:30,student_repo,read,243,200,12.196,1000000,redis_repository
2026-05-01T09:24:40+05:30,student_repo,read,244,200,2.058,1000000,redis_repository
2026-05-01T09:24:41+05:30,student_repo,read,245,200,2.029,1000000,redis_repository
2026-05-01T09:24:41+05:30,student_repo,read,246,200,2.686,1000000,redis_repository
2026-05-01T09:24:41+05:30,student_repo,read,247,200,1.935,1000000,redis_repository
2026-05-01T09:24:41+05:30,student_repo,read,248,200,1.971,1000000,redis_repository
2026-05-01T09:24:41+05:30,student_repo,read,249,200,2.004,1000000,redis_repository
2026-05-01T09:24:41+05:30,student_repo,read,250,200,1.953,1000000,redis_repository
2026-05-01T09:24:41+05:30,human_template,write,1,201,15.595,-,redis_template
2026-05-01T09:24:41+05:30,human_template,write,2,201,2.626,-,redis_template
2026-05-01T09:24:41+05:30,human_template,write,3,201,2.698,-,redis_template
2026-05-01T09:24:41+05:30,human_template,write,4,201,2.771,-,redis_template
2026-05-01T09:24:41+05:30,human_template,write,5,201,3.653,-,redis_template
2026-05-01T09:24:41+05:30,human_template,write,6,201,3.317,-,redis_template
2026-05-01T09:24:41+05:30,human_template,write,7,201,4.036,-,redis_template
2026-05-01T09:24:41+05:30,human_template,write,8,201,2.697,-,redis_template
2026-05-01T09:24:41+05:30,human_template,write,9,201,2.423,-,redis_template
2026-05-01T09:24:41+05:30,human_template,write,10,201,2.350,-,redis_template
2026-05-01T09:24:41+05:30,human_template,write,11,201,2.915,-,redis_template
2026-05-01T09:24:41+05:30,human_template,write,12,201,3.344,-,redis_template
2026-05-01T09:24:41+05:30,human_template,write,13,201,2.372,-,redis_template
2026-05-01T09:24:41+05:30,human_template,write,14,201,2.174,-,redis_template
2026-05-01T09:24:41+05:30,human_template,write,15,201,2.280,-,redis_template
2026-05-01T09:24:41+05:30,human_template,write,16,201,2.473,-,redis_template
2026-05-01T09:24:41+05:30,human_template,write,17,201,2.177,-,redis_template
2026-05-01T09:24:41+05:30,human_template,write,18,201,2.034,-,redis_template
2026-05-01T09:24:41+05:30,human_template,write,19,201,2.093,-,redis_template
2026-05-01T09:24:41+05:30,human_template,write,20,201,2.236,-,redis_template
2026-05-01T09:24:41+05:30,human_template,write,21,201,2.191,-,redis_template
2026-05-01T09:24:41+05:30,human_template,write,22,201,2.062,-,redis_template
2026-05-01T09:24:41+05:30,human_template,write,23,201,1.808,-,redis_template
2026-05-01T09:24:41+05:30,human_template,write,24,201,1.822,-,redis_template
2026-05-01T09:24:41+05:30,human_template,write,25,201,1.913,-,redis_template
2026-05-01T09:24:41+05:30,human_template,write,26,201,1.785,-,redis_template
2026-05-01T09:24:41+05:30,human_template,write,27,201,1.920,-,redis_template
2026-05-01T09:24:41+05:30,human_template,write,28,201,1.931,-,redis_template
2026-05-01T09:24:41+05:30,human_template,write,29,201,1.968,-,redis_template
2026-05-01T09:24:41+05:30,human_template,write,30,201,1.782,-,redis_template
2026-05-01T09:24:41+05:30,human_template,write,31,201,1.826,-,redis_template
2026-05-01T09:24:41+05:30,human_template,write,32,201,2.077,-,redis_template
2026-05-01T09:24:41+05:30,human_template,write,33,201,1.818,-,redis_template
2026-05-01T09:24:41+05:30,human_template,write,34,201,2.138,-,redis_template
2026-05-01T09:24:41+05:30,human_template,write,35,201,1.836,-,redis_template
2026-05-01T09:24:41+05:30,human_template,write,36,201,1.776,-,redis_template
2026-05-01T09:24:41+05:30,human_template,write,37,201,1.820,-,redis_template
2026-05-01T09:24:41+05:30,human_template,write,38,201,2.439,-,redis_template
2026-05-01T09:24:41+05:30,human_template,write,39,201,1.856,-,redis_template
2026-05-01T09:24:41+05:30,human_template,write,40,201,1.773,-,redis_template
2026-05-01T09:24:41+05:30,human_template,write,41,201,1.808,-,redis_template
2026-05-01T09:24:41+05:30,human_template,write,42,201,1.733,-,redis_template
2026-05-01T09:24:41+05:30,human_template,write,43,201,1.925,-,redis_template
2026-05-01T09:24:41+05:30,human_template,write,44,201,1.875,-,redis_template
2026-05-01T09:24:41+05:30,human_template,write,45,201,1.695,-,redis_template
2026-05-01T09:24:41+05:30,human_template,write,46,201,1.932,-,redis_template
2026-05-01T09:24:41+05:30,human_template,write,47,201,1.783,-,redis_template
2026-05-01T09:24:41+05:30,human_template,write,48,201,1.743,-,redis_template
2026-05-01T09:24:41+05:30,human_template,write,49,201,1.896,-,redis_template
2026-05-01T09:24:41+05:30,human_template,write,50,201,1.995,-,redis_template
2026-05-01T09:24:41+05:30,human_template,write,51,201,1.743,-,redis_template
2026-05-01T09:24:42+05:30,human_template,write,52,201,2.269,-,redis_template
2026-05-01T09:24:42+05:30,human_template,write,53,201,1.799,-,redis_template
2026-05-01T09:24:42+05:30,human_template,write,54,201,1.752,-,redis_template
2026-05-01T09:24:42+05:30,human_template,write,55,201,1.661,-,redis_template
2026-05-01T09:24:42+05:30,human_template,write,56,201,1.773,-,redis_template
2026-05-01T09:24:42+05:30,human_template,write,57,201,1.866,-,redis_template
2026-05-01T09:24:42+05:30,human_template,write,58,201,1.753,-,redis_template
2026-05-01T09:24:42+05:30,human_template,write,59,201,1.804,-,redis_template
2026-05-01T09:24:42+05:30,human_template,write,60,201,1.753,-,redis_template
2026-05-01T09:24:42+05:30,human_template,write,61,201,1.960,-,redis_template
2026-05-01T09:24:42+05:30,human_template,write,62,201,1.778,-,redis_template
2026-05-01T09:24:42+05:30,human_template,write,63,201,1.794,-,redis_template
2026-05-01T09:24:42+05:30,human_template,write,64,201,1.960,-,redis_template
2026-05-01T09:24:42+05:30,human_template,write,65,201,1.891,-,redis_template
2026-05-01T09:24:42+05:30,human_template,write,66,201,1.704,-,redis_template
2026-05-01T09:24:42+05:30,human_template,write,67,201,1.720,-,redis_template
2026-05-01T09:24:42+05:30,human_template,write,68,201,1.733,-,redis_template
2026-05-01T09:24:42+05:30,human_template,write,69,201,2.040,-,redis_template
2026-05-01T09:24:42+05:30,human_template,write,70,201,1.890,-,redis_template
2026-05-01T09:24:42+05:30,human_template,write,71,201,1.722,-,redis_template
2026-05-01T09:24:42+05:30,human_template,write,72,201,1.808,-,redis_template
2026-05-01T09:24:42+05:30,human_template,write,73,201,1.681,-,redis_template
2026-05-01T09:24:42+05:30,human_template,write,74,201,1.791,-,redis_template
2026-05-01T09:24:42+05:30,human_template,write,75,201,2.314,-,redis_template
2026-05-01T09:24:42+05:30,human_template,write,76,201,1.763,-,redis_template
2026-05-01T09:24:42+05:30,human_template,write,77,201,1.947,-,redis_template
2026-05-01T09:24:42+05:30,human_template,write,78,201,1.825,-,redis_template
2026-05-01T09:24:42+05:30,human_template,write,79,201,1.760,-,redis_template
2026-05-01T09:24:42+05:30,human_template,write,80,201,1.788,-,redis_template
2026-05-01T09:24:42+05:30,human_template,write,81,201,1.682,-,redis_template
2026-05-01T09:24:42+05:30,human_template,write,82,201,1.746,-,redis_template
2026-05-01T09:24:42+05:30,human_template,write,83,201,1.700,-,redis_template
2026-05-01T09:24:42+05:30,human_template,write,84,201,1.730,-,redis_template
2026-05-01T09:24:42+05:30,human_template,write,85,201,1.829,-,redis_template
2026-05-01T09:24:42+05:30,human_template,write,86,201,2.300,-,redis_template
2026-05-01T09:24:42+05:30,human_template,write,87,201,1.839,-,redis_template
2026-05-01T09:24:42+05:30,human_template,write,88,201,1.697,-,redis_template
2026-05-01T09:24:42+05:30,human_template,write,89,201,1.739,-,redis_template
2026-05-01T09:24:42+05:30,human_template,write,90,201,1.963,-,redis_template
2026-05-01T09:24:42+05:30,human_template,write,91,201,2.027,-,redis_template
2026-05-01T09:24:42+05:30,human_template,write,92,201,1.858,-,redis_template
2026-05-01T09:24:42+05:30,human_template,write,93,201,2.218,-,redis_template
2026-05-01T09:24:42+05:30,human_template,write,94,201,1.848,-,redis_template
2026-05-01T09:24:42+05:30,human_template,write,95,201,1.786,-,redis_template
2026-05-01T09:24:42+05:30,human_template,write,96,201,1.778,-,redis_template
2026-05-01T09:24:42+05:30,human_template,write,97,201,1.725,-,redis_template
2026-05-01T09:24:42+05:30,human_template,write,98,201,1.725,-,redis_template
2026-05-01T09:24:42+05:30,human_template,write,99,201,1.759,-,redis_template
2026-05-01T09:24:42+05:30,human_template,write,100,201,1.758,-,redis_template
2026-05-01T09:24:42+05:30,human_template,write,101,201,2.234,-,redis_template
2026-05-01T09:24:42+05:30,human_template,write,102,201,1.955,-,redis_template
2026-05-01T09:24:42+05:30,human_template,write,103,201,1.792,-,redis_template
2026-05-01T09:24:42+05:30,human_template,write,104,201,1.757,-,redis_template
2026-05-01T09:24:42+05:30,human_template,write,105,201,1.685,-,redis_template
2026-05-01T09:24:42+05:30,human_template,write,106,201,1.848,-,redis_template
2026-05-01T09:24:42+05:30,human_template,write,107,201,1.886,-,redis_template
2026-05-01T09:24:42+05:30,human_template,write,108,201,1.915,-,redis_template
2026-05-01T09:24:42+05:30,human_template,write,109,201,1.775,-,redis_template
2026-05-01T09:24:42+05:30,human_template,write,110,201,1.756,-,redis_template
2026-05-01T09:24:42+05:30,human_template,write,111,201,1.695,-,redis_template
2026-05-01T09:24:42+05:30,human_template,write,112,201,1.746,-,redis_template
2026-05-01T09:24:42+05:30,human_template,write,113,201,1.737,-,redis_template
2026-05-01T09:24:42+05:30,human_template,write,114,201,1.730,-,redis_template
2026-05-01T09:24:42+05:30,human_template,write,115,201,1.818,-,redis_template
2026-05-01T09:24:43+05:30,human_template,write,116,201,1.852,-,redis_template
2026-05-01T09:24:43+05:30,human_template,write,117,201,1.735,-,redis_template
2026-05-01T09:24:43+05:30,human_template,write,118,201,1.854,-,redis_template
2026-05-01T09:24:43+05:30,human_template,write,119,201,1.772,-,redis_template
2026-05-01T09:24:43+05:30,human_template,write,120,201,1.955,-,redis_template
2026-05-01T09:24:43+05:30,human_template,write,121,201,1.787,-,redis_template
2026-05-01T09:24:43+05:30,human_template,write,122,201,1.710,-,redis_template
2026-05-01T09:24:43+05:30,human_template,write,123,201,1.741,-,redis_template
2026-05-01T09:24:43+05:30,human_template,write,124,201,1.981,-,redis_template
2026-05-01T09:24:43+05:30,human_template,write,125,201,1.773,-,redis_template
2026-05-01T09:24:43+05:30,human_template,write,126,201,1.744,-,redis_template
2026-05-01T09:24:43+05:30,human_template,write,127,201,1.819,-,redis_template
2026-05-01T09:24:43+05:30,human_template,write,128,201,2.370,-,redis_template
2026-05-01T09:24:43+05:30,human_template,write,129,201,1.855,-,redis_template
2026-05-01T09:24:43+05:30,human_template,write,130,201,1.854,-,redis_template
2026-05-01T09:24:43+05:30,human_template,write,131,201,1.816,-,redis_template
2026-05-01T09:24:43+05:30,human_template,write,132,201,1.830,-,redis_template
2026-05-01T09:24:43+05:30,human_template,write,133,201,2.137,-,redis_template
2026-05-01T09:24:43+05:30,human_template,write,134,201,2.029,-,redis_template
2026-05-01T09:24:43+05:30,human_template,write,135,201,1.916,-,redis_template
2026-05-01T09:24:43+05:30,human_template,write,136,201,1.846,-,redis_template
2026-05-01T09:24:43+05:30,human_template,write,137,201,1.812,-,redis_template
2026-05-01T09:24:43+05:30,human_template,write,138,201,1.695,-,redis_template
2026-05-01T09:24:43+05:30,human_template,write,139,201,1.858,-,redis_template
2026-05-01T09:24:43+05:30,human_template,write,140,201,2.533,-,redis_template
2026-05-01T09:24:43+05:30,human_template,write,141,201,2.122,-,redis_template
2026-05-01T09:24:43+05:30,human_template,write,142,201,1.994,-,redis_template
2026-05-01T09:24:43+05:30,human_template,write,143,201,1.683,-,redis_template
2026-05-01T09:24:43+05:30,human_template,write,144,201,1.706,-,redis_template
2026-05-01T09:24:43+05:30,human_template,write,145,201,1.629,-,redis_template
2026-05-01T09:24:43+05:30,human_template,write,146,201,1.727,-,redis_template
2026-05-01T09:24:43+05:30,human_template,write,147,201,1.675,-,redis_template
2026-05-01T09:24:43+05:30,human_template,write,148,201,1.671,-,redis_template
2026-05-01T09:24:43+05:30,human_template,write,149,201,1.621,-,redis_template
2026-05-01T09:24:43+05:30,human_template,write,150,201,1.849,-,redis_template
2026-05-01T09:24:43+05:30,human_template,write,151,201,1.874,-,redis_template
2026-05-01T09:24:43+05:30,human_template,write,152,201,1.604,-,redis_template
2026-05-01T09:24:43+05:30,human_template,write,153,201,1.687,-,redis_template
2026-05-01T09:24:43+05:30,human_template,write,154,201,1.717,-,redis_template
2026-05-01T09:24:43+05:30,human_template,write,155,201,1.689,-,redis_template
2026-05-01T09:24:43+05:30,human_template,write,156,201,1.710,-,redis_template
2026-05-01T09:24:43+05:30,human_template,write,157,201,1.626,-,redis_template
2026-05-01T09:24:43+05:30,human_template,write,158,201,1.726,-,redis_template
2026-05-01T09:24:43+05:30,human_template,write,159,201,1.906,-,redis_template
2026-05-01T09:24:43+05:30,human_template,write,160,201,1.575,-,redis_template
2026-05-01T09:24:43+05:30,human_template,write,161,201,1.848,-,redis_template
2026-05-01T09:24:43+05:30,human_template,write,162,201,1.611,-,redis_template
2026-05-01T09:24:43+05:30,human_template,write,163,201,1.714,-,redis_template
2026-05-01T09:24:43+05:30,human_template,write,164,201,1.602,-,redis_template
2026-05-01T09:24:43+05:30,human_template,write,165,201,1.614,-,redis_template
2026-05-01T09:24:43+05:30,human_template,write,166,201,1.608,-,redis_template
2026-05-01T09:24:43+05:30,human_template,write,167,201,1.699,-,redis_template
2026-05-01T09:24:43+05:30,human_template,write,168,201,2.156,-,redis_template
2026-05-01T09:24:43+05:30,human_template,write,169,201,1.658,-,redis_template
2026-05-01T09:24:43+05:30,human_template,write,170,201,1.642,-,redis_template
2026-05-01T09:24:43+05:30,human_template,write,171,201,1.715,-,redis_template
2026-05-01T09:24:43+05:30,human_template,write,172,201,1.609,-,redis_template
2026-05-01T09:24:43+05:30,human_template,write,173,201,1.583,-,redis_template
2026-05-01T09:24:43+05:30,human_template,write,174,201,1.650,-,redis_template
2026-05-01T09:24:43+05:30,human_template,write,175,201,1.623,-,redis_template
2026-05-01T09:24:43+05:30,human_template,write,176,201,1.632,-,redis_template
2026-05-01T09:24:43+05:30,human_template,write,177,201,1.890,-,redis_template
2026-05-01T09:24:43+05:30,human_template,write,178,201,1.670,-,redis_template
2026-05-01T09:24:43+05:30,human_template,write,179,201,1.666,-,redis_template
2026-05-01T09:24:43+05:30,human_template,write,180,201,1.672,-,redis_template
2026-05-01T09:24:44+05:30,human_template,write,181,201,2.206,-,redis_template
2026-05-01T09:24:44+05:30,human_template,write,182,201,1.791,-,redis_template
2026-05-01T09:24:44+05:30,human_template,write,183,201,1.619,-,redis_template
2026-05-01T09:24:44+05:30,human_template,write,184,201,1.600,-,redis_template
2026-05-01T09:24:44+05:30,human_template,write,185,201,1.644,-,redis_template
2026-05-01T09:24:44+05:30,human_template,write,186,201,1.618,-,redis_template
2026-05-01T09:24:44+05:30,human_template,write,187,201,1.624,-,redis_template
2026-05-01T09:24:44+05:30,human_template,write,188,201,1.585,-,redis_template
2026-05-01T09:24:44+05:30,human_template,write,189,201,1.626,-,redis_template
2026-05-01T09:24:44+05:30,human_template,write,190,201,1.768,-,redis_template
2026-05-01T09:24:44+05:30,human_template,write,191,201,1.673,-,redis_template
2026-05-01T09:24:44+05:30,human_template,write,192,201,1.636,-,redis_template
2026-05-01T09:24:44+05:30,human_template,write,193,201,1.674,-,redis_template
2026-05-01T09:24:44+05:30,human_template,write,194,201,2.204,-,redis_template
2026-05-01T09:24:44+05:30,human_template,write,195,201,1.705,-,redis_template
2026-05-01T09:24:44+05:30,human_template,write,196,201,1.707,-,redis_template
2026-05-01T09:24:44+05:30,human_template,write,197,201,1.606,-,redis_template
2026-05-01T09:24:44+05:30,human_template,write,198,201,1.693,-,redis_template
2026-05-01T09:24:44+05:30,human_template,write,199,201,1.737,-,redis_template
2026-05-01T09:24:44+05:30,human_template,write,200,201,1.659,-,redis_template
2026-05-01T09:24:44+05:30,human_template,write,201,201,1.651,-,redis_template
2026-05-01T09:24:44+05:30,human_template,write,202,201,1.671,-,redis_template
2026-05-01T09:24:44+05:30,human_template,write,203,201,1.636,-,redis_template
2026-05-01T09:24:44+05:30,human_template,write,204,201,1.687,-,redis_template
2026-05-01T09:24:44+05:30,human_template,write,205,201,1.675,-,redis_template
2026-05-01T09:24:44+05:30,human_template,write,206,201,1.658,-,redis_template
2026-05-01T09:24:44+05:30,human_template,write,207,201,1.555,-,redis_template
2026-05-01T09:24:44+05:30,human_template,write,208,201,1.613,-,redis_template
2026-05-01T09:24:44+05:30,human_template,write,209,201,1.647,-,redis_template
2026-05-01T09:24:44+05:30,human_template,write,210,201,1.786,-,redis_template
2026-05-01T09:24:44+05:30,human_template,write,211,201,1.634,-,redis_template
2026-05-01T09:24:44+05:30,human_template,write,212,201,1.873,-,redis_template
2026-05-01T09:24:44+05:30,human_template,write,213,201,2.114,-,redis_template
2026-05-01T09:24:44+05:30,human_template,write,214,201,1.840,-,redis_template
2026-05-01T09:24:44+05:30,human_template,write,215,201,1.886,-,redis_template
2026-05-01T09:24:44+05:30,human_template,write,216,201,2.027,-,redis_template
2026-05-01T09:24:44+05:30,human_template,write,217,201,2.364,-,redis_template
2026-05-01T09:24:44+05:30,human_template,write,218,201,2.491,-,redis_template
2026-05-01T09:24:44+05:30,human_template,write,219,201,2.214,-,redis_template
2026-05-01T09:24:44+05:30,human_template,write,220,201,2.685,-,redis_template
2026-05-01T09:24:44+05:30,human_template,write,221,201,2.140,-,redis_template
2026-05-01T09:24:44+05:30,human_template,write,222,201,2.261,-,redis_template
2026-05-01T09:24:44+05:30,human_template,write,223,201,1.778,-,redis_template
2026-05-01T09:24:44+05:30,human_template,write,224,201,1.611,-,redis_template
2026-05-01T09:24:44+05:30,human_template,write,225,201,2.171,-,redis_template
2026-05-01T09:24:44+05:30,human_template,write,226,201,1.686,-,redis_template
2026-05-01T09:24:44+05:30,human_template,write,227,201,1.955,-,redis_template
2026-05-01T09:24:44+05:30,human_template,write,228,201,1.979,-,redis_template
2026-05-01T09:24:44+05:30,human_template,write,229,201,1.821,-,redis_template
2026-05-01T09:24:44+05:30,human_template,write,230,201,1.700,-,redis_template
2026-05-01T09:24:44+05:30,human_template,write,231,201,3.505,-,redis_template
2026-05-01T09:24:44+05:30,human_template,write,232,201,1.568,-,redis_template
2026-05-01T09:24:44+05:30,human_template,write,233,201,1.625,-,redis_template
2026-05-01T09:24:44+05:30,human_template,write,234,201,1.685,-,redis_template
2026-05-01T09:24:44+05:30,human_template,write,235,201,1.641,-,redis_template
2026-05-01T09:24:44+05:30,human_template,write,236,201,1.725,-,redis_template
2026-05-01T09:24:44+05:30,human_template,write,237,201,1.607,-,redis_template
2026-05-01T09:24:44+05:30,human_template,write,238,201,1.726,-,redis_template
2026-05-01T09:24:44+05:30,human_template,write,239,201,1.760,-,redis_template
2026-05-01T09:24:44+05:30,human_template,write,240,201,1.710,-,redis_template
2026-05-01T09:24:44+05:30,human_template,write,241,201,1.652,-,redis_template
2026-05-01T09:24:45+05:30,human_template,write,242,201,1.679,-,redis_template
2026-05-01T09:24:45+05:30,human_template,write,243,201,2.144,-,redis_template
2026-05-01T09:24:45+05:30,human_template,write,244,201,1.614,-,redis_template
2026-05-01T09:24:45+05:30,human_template,write,245,201,1.714,-,redis_template
2026-05-01T09:24:45+05:30,human_template,write,246,201,1.620,-,redis_template
2026-05-01T09:24:45+05:30,human_template,write,247,201,1.633,-,redis_template
2026-05-01T09:24:45+05:30,human_template,write,248,201,1.841,-,redis_template
2026-05-01T09:24:45+05:30,human_template,write,249,201,1.671,-,redis_template
2026-05-01T09:24:45+05:30,human_template,write,250,201,1.742,-,redis_template
2026-05-01T09:24:45+05:30,human_template,read,1,200,24.340,bench:human_template:id:2000000,redis_template
2026-05-01T09:24:45+05:30,human_template,read,2,200,8.549,bench:human_template:id:2000000,redis_template
2026-05-01T09:24:45+05:30,human_template,read,3,200,2.656,bench:human_template:id:2000000,redis_template
2026-05-01T09:24:45+05:30,human_template,read,4,200,1.925,bench:human_template:id:2000000,redis_template
2026-05-01T09:24:45+05:30,human_template,read,5,200,2.313,bench:human_template:id:2000000,redis_template
2026-05-01T09:24:45+05:30,human_template,read,6,200,2.219,bench:human_template:id:2000000,redis_template
2026-05-01T09:24:45+05:30,human_template,read,7,200,8.564,bench:human_template:id:2000000,redis_template
2026-05-01T09:24:45+05:30,human_template,read,8,200,1.858,bench:human_template:id:2000000,redis_template
2026-05-01T09:24:45+05:30,human_template,read,9,200,1.753,bench:human_template:id:2000000,redis_template
2026-05-01T09:24:45+05:30,human_template,read,10,200,8.293,bench:human_template:id:2000000,redis_template
2026-05-01T09:24:45+05:30,human_template,read,11,200,1.913,bench:human_template:id:2000000,redis_template
2026-05-01T09:24:45+05:30,human_template,read,12,200,12.249,bench:human_template:id:2000000,redis_template
2026-05-01T09:24:45+05:30,human_template,read,13,200,2.071,bench:human_template:id:2000000,redis_template
2026-05-01T09:24:45+05:30,human_template,read,14,200,9.408,bench:human_template:id:2000000,redis_template
2026-05-01T09:24:45+05:30,human_template,read,15,200,3.066,bench:human_template:id:2000000,redis_template
2026-05-01T09:24:45+05:30,human_template,read,16,200,2.562,bench:human_template:id:2000000,redis_template
2026-05-01T09:24:45+05:30,human_template,read,17,200,10.742,bench:human_template:id:2000000,redis_template
2026-05-01T09:24:45+05:30,human_template,read,18,200,4.072,bench:human_template:id:2000000,redis_template
2026-05-01T09:24:45+05:30,human_template,read,19,200,2.334,bench:human_template:id:2000000,redis_template
2026-05-01T09:24:45+05:30,human_template,read,20,200,1.872,bench:human_template:id:2000000,redis_template
2026-05-01T09:24:45+05:30,human_template,read,21,200,1.833,bench:human_template:id:2000000,redis_template
2026-05-01T09:24:45+05:30,human_template,read,22,200,1.722,bench:human_template:id:2000000,redis_template
2026-05-01T09:24:45+05:30,human_template,read,23,200,1.695,bench:human_template:id:2000000,redis_template
2026-05-01T09:24:45+05:30,human_template,read,24,200,2.293,bench:human_template:id:2000000,redis_template
2026-05-01T09:24:45+05:30,human_template,read,25,200,1.647,bench:human_template:id:2000000,redis_template
2026-05-01T09:24:45+05:30,human_template,read,26,200,8.464,bench:human_template:id:2000000,redis_template
2026-05-01T09:24:45+05:30,human_template,read,27,200,8.361,bench:human_template:id:2000000,redis_template
2026-05-01T09:24:45+05:30,human_template,read,28,200,8.266,bench:human_template:id:2000000,redis_template
2026-05-01T09:24:45+05:30,human_template,read,29,200,1.679,bench:human_template:id:2000000,redis_template
2026-05-01T09:24:45+05:30,human_template,read,30,200,7.926,bench:human_template:id:2000000,redis_template
2026-05-01T09:24:45+05:30,human_template,read,31,200,1.691,bench:human_template:id:2000000,redis_template
2026-05-01T09:24:45+05:30,human_template,read,32,200,7.702,bench:human_template:id:2000000,redis_template
2026-05-01T09:24:45+05:30,human_template,read,33,200,1.705,bench:human_template:id:2000000,redis_template
2026-05-01T09:24:45+05:30,human_template,read,34,200,1.603,bench:human_template:id:2000000,redis_template
2026-05-01T09:24:45+05:30,human_template,read,35,200,8.206,bench:human_template:id:2000000,redis_template
2026-05-01T09:24:45+05:30,human_template,read,36,200,1.615,bench:human_template:id:2000000,redis_template
2026-05-01T09:24:45+05:30,human_template,read,37,200,1.661,bench:human_template:id:2000000,redis_template
2026-05-01T09:24:45+05:30,human_template,read,38,200,1.672,bench:human_template:id:2000000,redis_template
2026-05-01T09:24:45+05:30,human_template,read,39,200,1.596,bench:human_template:id:2000000,redis_template
2026-05-01T09:24:45+05:30,human_template,read,40,200,1.650,bench:human_template:id:2000000,redis_template
2026-05-01T09:24:45+05:30,human_template,read,41,200,1.585,bench:human_template:id:2000000,redis_template
2026-05-01T09:24:45+05:30,human_template,read,42,200,2.180,bench:human_template:id:2000000,redis_template
2026-05-01T09:24:45+05:30,human_template,read,43,200,12.764,bench:human_template:id:2000000,redis_template
2026-05-01T09:24:45+05:30,human_template,read,44,200,1.681,bench:human_template:id:2000000,redis_template
2026-05-01T09:24:45+05:30,human_template,read,45,200,2.121,bench:human_template:id:2000000,redis_template
2026-05-01T09:24:45+05:30,human_template,read,46,200,1.603,bench:human_template:id:2000000,redis_template
2026-05-01T09:24:45+05:30,human_template,read,47,200,1.737,bench:human_template:id:2000000,redis_template
2026-05-01T09:24:45+05:30,human_template,read,48,200,8.213,bench:human_template:id:2000000,redis_template
2026-05-01T09:24:45+05:30,human_template,read,49,200,1.656,bench:human_template:id:2000000,redis_template
2026-05-01T09:24:45+05:30,human_template,read,50,200,1.747,bench:human_template:id:2000000,redis_template
2026-05-01T09:24:45+05:30,human_template,read,51,200,1.548,bench:human_template:id:2000000,redis_template
2026-05-01T09:24:45+05:30,human_template,read,52,200,9.609,bench:human_template:id:2000000,redis_template
2026-05-01T09:24:45+05:30,human_template,read,53,200,1.621,bench:human_template:id:2000000,redis_template
2026-05-01T09:24:45+05:30,human_template,read,54,200,1.583,bench:human_template:id:2000000,redis_template
2026-05-01T09:24:45+05:30,human_template,read,55,200,1.754,bench:human_template:id:2000000,redis_template
2026-05-01T09:24:45+05:30,human_template,read,56,200,10.807,bench:human_template:id:2000000,redis_template
2026-05-01T09:24:45+05:30,human_template,read,57,200,1.575,bench:human_template:id:2000000,redis_template
2026-05-01T09:24:45+05:30,human_template,read,58,200,1.702,bench:human_template:id:2000000,redis_template
2026-05-01T09:24:45+05:30,human_template,read,59,200,1.559,bench:human_template:id:2000000,redis_template
2026-05-01T09:24:45+05:30,human_template,read,60,200,1.571,bench:human_template:id:2000000,redis_template
2026-05-01T09:24:45+05:30,human_template,read,61,200,2.034,bench:human_template:id:2000000,redis_template
2026-05-01T09:24:45+05:30,human_template,read,62,200,1.645,bench:human_template:id:2000000,redis_template
2026-05-01T09:24:45+05:30,human_template,read,63,200,1.605,bench:human_template:id:2000000,redis_template
2026-05-01T09:24:45+05:30,human_template,read,64,200,1.614,bench:human_template:id:2000000,redis_template
2026-05-01T09:24:45+05:30,human_template,read,65,200,1.580,bench:human_template:id:2000000,redis_template
2026-05-01T09:24:45+05:30,human_template,read,66,200,1.746,bench:human_template:id:2000000,redis_template
2026-05-01T09:24:45+05:30,human_template,read,67,200,2.397,bench:human_template:id:2000000,redis_template
2026-05-01T09:24:45+05:30,human_template,read,68,200,1.861,bench:human_template:id:2000000,redis_template
2026-05-01T09:24:45+05:30,human_template,read,69,200,1.815,bench:human_template:id:2000000,redis_template
2026-05-01T09:24:46+05:30,human_template,read,70,200,2.048,bench:human_template:id:2000000,redis_template
2026-05-01T09:24:46+05:30,human_template,read,71,200,1.770,bench:human_template:id:2000000,redis_template
2026-05-01T09:24:46+05:30,human_template,read,72,200,1.663,bench:human_template:id:2000000,redis_template
2026-05-01T09:24:46+05:30,human_template,read,73,200,9.029,bench:human_template:id:2000000,redis_template
2026-05-01T09:24:46+05:30,human_template,read,74,200,2.120,bench:human_template:id:2000000,redis_template
2026-05-01T09:24:46+05:30,human_template,read,75,200,2.025,bench:human_template:id:2000000,redis_template
2026-05-01T09:24:46+05:30,human_template,read,76,200,1.562,bench:human_template:id:2000000,redis_template
2026-05-01T09:24:46+05:30,human_template,read,77,200,1.639,bench:human_template:id:2000000,redis_template
2026-05-01T09:24:46+05:30,human_template,read,78,200,1.619,bench:human_template:id:2000000,redis_template
2026-05-01T09:24:46+05:30,human_template,read,79,200,1.694,bench:human_template:id:2000000,redis_template
2026-05-01T09:24:46+05:30,human_template,read,80,200,2.044,bench:human_template:id:2000000,redis_template
2026-05-01T09:24:46+05:30,human_template,read,81,200,7.796,bench:human_template:id:2000000,redis_template
2026-05-01T09:24:46+05:30,human_template,read,82,200,1.730,bench:human_template:id:2000000,redis_template
2026-05-01T09:24:46+05:30,human_template,read,83,200,1.716,bench:human_template:id:2000000,redis_template
2026-05-01T09:24:46+05:30,human_template,read,84,200,1.641,bench:human_template:id:2000000,redis_template
2026-05-01T09:24:46+05:30,human_template,read,85,200,2.177,bench:human_template:id:2000000,redis_template
2026-05-01T09:24:46+05:30,human_template,read,86,200,8.221,bench:human_template:id:2000000,redis_template
2026-05-01T09:24:46+05:30,human_template,read,87,200,8.237,bench:human_template:id:2000000,redis_template
2026-05-01T09:24:46+05:30,human_template,read,88,200,7.685,bench:human_template:id:2000000,redis_template
2026-05-01T09:24:46+05:30,human_template,read,89,200,8.717,bench:human_template:id:2000000,redis_template
2026-05-01T09:24:46+05:30,human_template,read,90,200,4.026,bench:human_template:id:2000000,redis_template
2026-05-01T09:24:46+05:30,human_template,read,91,200,1.611,bench:human_template:id:2000000,redis_template
2026-05-01T09:24:46+05:30,human_template,read,92,200,1.616,bench:human_template:id:2000000,redis_template
2026-05-01T09:24:46+05:30,human_template,read,93,200,8.474,bench:human_template:id:2000000,redis_template
2026-05-01T09:24:46+05:30,human_template,read,94,200,1.706,bench:human_template:id:2000000,redis_template
2026-05-01T09:24:46+05:30,human_template,read,95,200,7.968,bench:human_template:id:2000000,redis_template
2026-05-01T09:24:46+05:30,human_template,read,96,200,8.211,bench:human_template:id:2000000,redis_template
2026-05-01T09:24:46+05:30,human_template,read,97,200,9.986,bench:human_template:id:2000000,redis_template
2026-05-01T09:24:46+05:30,human_template,read,98,200,2.093,bench:human_template:id:2000000,redis_template
2026-05-01T09:24:46+05:30,human_template,read,99,200,1.581,bench:human_template:id:2000000,redis_template
2026-05-01T09:24:46+05:30,human_template,read,100,200,1.763,bench:human_template:id:2000000,redis_template
2026-05-01T09:24:46+05:30,human_template,read,101,200,1.544,bench:human_template:id:2000000,redis_template
2026-05-01T09:24:46+05:30,human_template,read,102,200,1.620,bench:human_template:id:2000000,redis_template
2026-05-01T09:24:46+05:30,human_template,read,103,200,2.242,bench:human_template:id:2000000,redis_template
2026-05-01T09:24:46+05:30,human_template,read,104,200,1.632,bench:human_template:id:2000000,redis_template
2026-05-01T09:24:46+05:30,human_template,read,105,200,1.543,bench:human_template:id:2000000,redis_template
2026-05-01T09:24:46+05:30,human_template,read,106,200,1.649,bench:human_template:id:2000000,redis_template
2026-05-01T09:24:46+05:30,human_template,read,107,200,1.986,bench:human_template:id:2000000,redis_template
2026-05-01T09:24:46+05:30,human_template,read,108,200,2.094,bench:human_template:id:2000000,redis_template
2026-05-01T09:24:46+05:30,human_template,read,109,200,1.619,bench:human_template:id:2000000,redis_template
2026-05-01T09:24:46+05:30,human_template,read,110,200,1.539,bench:human_template:id:2000000,redis_template
2026-05-01T09:24:46+05:30,human_template,read,111,200,1.505,bench:human_template:id:2000000,redis_template
2026-05-01T09:24:46+05:30,human_template,read,112,200,2.112,bench:human_template:id:2000000,redis_template
2026-05-01T09:24:46+05:30,human_template,read,113,200,1.491,bench:human_template:id:2000000,redis_template
2026-05-01T09:24:46+05:30,human_template,read,114,200,1.714,bench:human_template:id:2000000,redis_template
2026-05-01T09:24:46+05:30,human_template,read,115,200,2.001,bench:human_template:id:2000000,redis_template
2026-05-01T09:24:46+05:30,human_template,read,116,200,8.113,bench:human_template:id:2000000,redis_template
2026-05-01T09:24:46+05:30,human_template,read,117,200,2.053,bench:human_template:id:2000000,redis_template
2026-05-01T09:24:46+05:30,human_template,read,118,200,7.684,bench:human_template:id:2000000,redis_template
2026-05-01T09:24:46+05:30,human_template,read,119,200,2.047,bench:human_template:id:2000000,redis_template
2026-05-01T09:24:46+05:30,human_template,read,120,200,1.779,bench:human_template:id:2000000,redis_template
2026-05-01T09:24:46+05:30,human_template,read,121,200,1.553,bench:human_template:id:2000000,redis_template
2026-05-01T09:24:46+05:30,human_template,read,122,200,1.520,bench:human_template:id:2000000,redis_template
2026-05-01T09:24:46+05:30,human_template,read,123,200,1.586,bench:human_template:id:2000000,redis_template
2026-05-01T09:24:46+05:30,human_template,read,124,200,1.714,bench:human_template:id:2000000,redis_template
2026-05-01T09:24:46+05:30,human_template,read,125,200,1.559,bench:human_template:id:2000000,redis_template
2026-05-01T09:24:46+05:30,human_template,read,126,200,7.649,bench:human_template:id:2000000,redis_template
2026-05-01T09:24:46+05:30,human_template,read,127,200,1.551,bench:human_template:id:2000000,redis_template
2026-05-01T09:24:46+05:30,human_template,read,128,200,1.835,bench:human_template:id:2000000,redis_template
2026-05-01T09:24:46+05:30,human_template,read,129,200,1.718,bench:human_template:id:2000000,redis_template
2026-05-01T09:24:46+05:30,human_template,read,130,200,2.046,bench:human_template:id:2000000,redis_template
2026-05-01T09:24:46+05:30,human_template,read,131,200,9.128,bench:human_template:id:2000000,redis_template
2026-05-01T09:24:46+05:30,human_template,read,132,200,1.545,bench:human_template:id:2000000,redis_template
2026-05-01T09:24:46+05:30,human_template,read,133,200,2.121,bench:human_template:id:2000000,redis_template
2026-05-01T09:24:46+05:30,human_template,read,134,200,2.280,bench:human_template:id:2000000,redis_template
2026-05-01T09:24:46+05:30,human_template,read,135,200,7.972,bench:human_template:id:2000000,redis_template
2026-05-01T09:24:46+05:30,human_template,read,136,200,1.698,bench:human_template:id:2000000,redis_template
2026-05-01T09:24:46+05:30,human_template,read,137,200,2.007,bench:human_template:id:2000000,redis_template
2026-05-01T09:24:46+05:30,human_template,read,138,200,1.568,bench:human_template:id:2000000,redis_template
2026-05-01T09:24:46+05:30,human_template,read,139,200,2.032,bench:human_template:id:2000000,redis_template
2026-05-01T09:24:46+05:30,human_template,read,140,200,1.500,bench:human_template:id:2000000,redis_template
2026-05-01T09:24:46+05:30,human_template,read,141,200,1.499,bench:human_template:id:2000000,redis_template
2026-05-01T09:24:46+05:30,human_template,read,142,200,1.557,bench:human_template:id:2000000,redis_template
2026-05-01T09:24:46+05:30,human_template,read,143,200,1.695,bench:human_template:id:2000000,redis_template
2026-05-01T09:24:46+05:30,human_template,read,144,200,1.559,bench:human_template:id:2000000,redis_template
2026-05-01T09:24:46+05:30,human_template,read,145,200,1.555,bench:human_template:id:2000000,redis_template
2026-05-01T09:24:46+05:30,human_template,read,146,200,2.945,bench:human_template:id:2000000,redis_template
2026-05-01T09:24:46+05:30,human_template,read,147,200,2.215,bench:human_template:id:2000000,redis_template
2026-05-01T09:24:46+05:30,human_template,read,148,200,8.048,bench:human_template:id:2000000,redis_template
2026-05-01T09:24:46+05:30,human_template,read,149,200,1.482,bench:human_template:id:2000000,redis_template
2026-05-01T09:24:46+05:30,human_template,read,150,200,4.732,bench:human_template:id:2000000,redis_template
2026-05-01T09:24:46+05:30,human_template,read,151,200,2.652,bench:human_template:id:2000000,redis_template
2026-05-01T09:24:46+05:30,human_template,read,152,200,4.250,bench:human_template:id:2000000,redis_template
2026-05-01T09:24:46+05:30,human_template,read,153,200,7.657,bench:human_template:id:2000000,redis_template
2026-05-01T09:24:47+05:30,human_template,read,154,200,1.650,bench:human_template:id:2000000,redis_template
2026-05-01T09:24:47+05:30,human_template,read,155,200,1.509,bench:human_template:id:2000000,redis_template
2026-05-01T09:24:47+05:30,human_template,read,156,200,1.490,bench:human_template:id:2000000,redis_template
2026-05-01T09:24:47+05:30,human_template,read,157,200,1.550,bench:human_template:id:2000000,redis_template
2026-05-01T09:24:47+05:30,human_template,read,158,200,7.936,bench:human_template:id:2000000,redis_template
2026-05-01T09:24:47+05:30,human_template,read,159,200,1.596,bench:human_template:id:2000000,redis_template
2026-05-01T09:24:47+05:30,human_template,read,160,200,1.463,bench:human_template:id:2000000,redis_template
2026-05-01T09:24:47+05:30,human_template,read,161,200,1.924,bench:human_template:id:2000000,redis_template
2026-05-01T09:24:47+05:30,human_template,read,162,200,1.382,bench:human_template:id:2000000,redis_template
2026-05-01T09:24:47+05:30,human_template,read,163,200,8.375,bench:human_template:id:2000000,redis_template
2026-05-01T09:24:47+05:30,human_template,read,164,200,1.950,bench:human_template:id:2000000,redis_template
2026-05-01T09:24:47+05:30,human_template,read,165,200,7.851,bench:human_template:id:2000000,redis_template
2026-05-01T09:24:47+05:30,human_template,read,166,200,1.532,bench:human_template:id:2000000,redis_template
2026-05-01T09:24:47+05:30,human_template,read,167,200,8.094,bench:human_template:id:2000000,redis_template
2026-05-01T09:24:47+05:30,human_template,read,168,200,1.726,bench:human_template:id:2000000,redis_template
2026-05-01T09:24:47+05:30,human_template,read,169,200,1.541,bench:human_template:id:2000000,redis_template
2026-05-01T09:24:47+05:30,human_template,read,170,200,1.553,bench:human_template:id:2000000,redis_template
2026-05-01T09:24:47+05:30,human_template,read,171,200,2.032,bench:human_template:id:2000000,redis_template
2026-05-01T09:24:47+05:30,human_template,read,172,200,1.612,bench:human_template:id:2000000,redis_template
2026-05-01T09:24:47+05:30,human_template,read,173,200,1.501,bench:human_template:id:2000000,redis_template
2026-05-01T09:24:47+05:30,human_template,read,174,200,8.035,bench:human_template:id:2000000,redis_template
2026-05-01T09:24:47+05:30,human_template,read,175,200,2.004,bench:human_template:id:2000000,redis_template
2026-05-01T09:24:47+05:30,human_template,read,176,200,1.566,bench:human_template:id:2000000,redis_template
2026-05-01T09:24:47+05:30,human_template,read,177,200,1.494,bench:human_template:id:2000000,redis_template
2026-05-01T09:24:47+05:30,human_template,read,178,200,2.045,bench:human_template:id:2000000,redis_template
2026-05-01T09:24:47+05:30,human_template,read,179,200,1.471,bench:human_template:id:2000000,redis_template
2026-05-01T09:24:47+05:30,human_template,read,180,200,1.491,bench:human_template:id:2000000,redis_template
2026-05-01T09:24:47+05:30,human_template,read,181,200,1.505,bench:human_template:id:2000000,redis_template
2026-05-01T09:24:47+05:30,human_template,read,182,200,1.538,bench:human_template:id:2000000,redis_template
2026-05-01T09:24:47+05:30,human_template,read,183,200,1.474,bench:human_template:id:2000000,redis_template
2026-05-01T09:24:47+05:30,human_template,read,184,200,1.576,bench:human_template:id:2000000,redis_template
2026-05-01T09:24:47+05:30,human_template,read,185,200,1.478,bench:human_template:id:2000000,redis_template
2026-05-01T09:24:47+05:30,human_template,read,186,200,1.441,bench:human_template:id:2000000,redis_template
2026-05-01T09:24:47+05:30,human_template,read,187,200,1.407,bench:human_template:id:2000000,redis_template
2026-05-01T09:24:47+05:30,human_template,read,188,200,1.490,bench:human_template:id:2000000,redis_template
2026-05-01T09:24:47+05:30,human_template,read,189,200,1.839,bench:human_template:id:2000000,redis_template
2026-05-01T09:24:47+05:30,human_template,read,190,200,7.885,bench:human_template:id:2000000,redis_template
2026-05-01T09:24:47+05:30,human_template,read,191,200,8.364,bench:human_template:id:2000000,redis_template
2026-05-01T09:24:47+05:30,human_template,read,192,200,1.574,bench:human_template:id:2000000,redis_template
2026-05-01T09:24:47+05:30,human_template,read,193,200,1.562,bench:human_template:id:2000000,redis_template
2026-05-01T09:24:47+05:30,human_template,read,194,200,1.388,bench:human_template:id:2000000,redis_template
2026-05-01T09:24:47+05:30,human_template,read,195,200,1.464,bench:human_template:id:2000000,redis_template
2026-05-01T09:24:47+05:30,human_template,read,196,200,1.361,bench:human_template:id:2000000,redis_template
2026-05-01T09:24:47+05:30,human_template,read,197,200,1.962,bench:human_template:id:2000000,redis_template
2026-05-01T09:24:47+05:30,human_template,read,198,200,7.655,bench:human_template:id:2000000,redis_template
2026-05-01T09:24:47+05:30,human_template,read,199,200,1.422,bench:human_template:id:2000000,redis_template
2026-05-01T09:24:47+05:30,human_template,read,200,200,1.404,bench:human_template:id:2000000,redis_template
2026-05-01T09:24:47+05:30,human_template,read,201,200,1.924,bench:human_template:id:2000000,redis_template
2026-05-01T09:24:47+05:30,human_template,read,202,200,7.863,bench:human_template:id:2000000,redis_template
2026-05-01T09:24:47+05:30,human_template,read,203,200,1.459,bench:human_template:id:2000000,redis_template
2026-05-01T09:24:47+05:30,human_template,read,204,200,1.450,bench:human_template:id:2000000,redis_template
2026-05-01T09:24:47+05:30,human_template,read,205,200,9.569,bench:human_template:id:2000000,redis_template
2026-05-01T09:24:47+05:30,human_template,read,206,200,1.930,bench:human_template:id:2000000,redis_template
2026-05-01T09:24:47+05:30,human_template,read,207,200,1.371,bench:human_template:id:2000000,redis_template
2026-05-01T09:24:47+05:30,human_template,read,208,200,1.449,bench:human_template:id:2000000,redis_template
2026-05-01T09:24:47+05:30,human_template,read,209,200,1.418,bench:human_template:id:2000000,redis_template
2026-05-01T09:24:47+05:30,human_template,read,210,200,8.353,bench:human_template:id:2000000,redis_template
2026-05-01T09:24:47+05:30,human_template,read,211,200,8.083,bench:human_template:id:2000000,redis_template
2026-05-01T09:24:47+05:30,human_template,read,212,200,8.829,bench:human_template:id:2000000,redis_template
2026-05-01T09:24:47+05:30,human_template,read,213,200,1.493,bench:human_template:id:2000000,redis_template
2026-05-01T09:24:47+05:30,human_template,read,214,200,1.534,bench:human_template:id:2000000,redis_template
2026-05-01T09:24:47+05:30,human_template,read,215,200,7.694,bench:human_template:id:2000000,redis_template
2026-05-01T09:24:47+05:30,human_template,read,216,200,1.371,bench:human_template:id:2000000,redis_template
2026-05-01T09:24:47+05:30,human_template,read,217,200,1.452,bench:human_template:id:2000000,redis_template
2026-05-01T09:24:47+05:30,human_template,read,218,200,1.575,bench:human_template:id:2000000,redis_template
2026-05-01T09:24:47+05:30,human_template,read,219,200,1.484,bench:human_template:id:2000000,redis_template
2026-05-01T09:24:47+05:30,human_template,read,220,200,1.734,bench:human_template:id:2000000,redis_template
2026-05-01T09:24:47+05:30,human_template,read,221,200,7.891,bench:human_template:id:2000000,redis_template
2026-05-01T09:24:47+05:30,human_template,read,222,200,1.502,bench:human_template:id:2000000,redis_template
2026-05-01T09:24:47+05:30,human_template,read,223,200,1.413,bench:human_template:id:2000000,redis_template
2026-05-01T09:24:47+05:30,human_template,read,224,200,1.429,bench:human_template:id:2000000,redis_template
2026-05-01T09:24:47+05:30,human_template,read,225,200,1.476,bench:human_template:id:2000000,redis_template
2026-05-01T09:24:47+05:30,human_template,read,226,200,1.469,bench:human_template:id:2000000,redis_template
2026-05-01T09:24:47+05:30,human_template,read,227,200,1.521,bench:human_template:id:2000000,redis_template
2026-05-01T09:24:47+05:30,human_template,read,228,200,1.542,bench:human_template:id:2000000,redis_template
2026-05-01T09:24:47+05:30,human_template,read,229,200,1.375,bench:human_template:id:2000000,redis_template
2026-05-01T09:24:47+05:30,human_template,read,230,200,2.030,bench:human_template:id:2000000,redis_template
2026-05-01T09:24:47+05:30,human_template,read,231,200,1.402,bench:human_template:id:2000000,redis_template
2026-05-01T09:24:47+05:30,human_template,read,232,200,1.461,bench:human_template:id:2000000,redis_template
2026-05-01T09:24:47+05:30,human_template,read,233,200,1.453,bench:human_template:id:2000000,redis_template
2026-05-01T09:24:47+05:30,human_template,read,234,200,8.503,bench:human_template:id:2000000,redis_template
2026-05-01T09:24:47+05:30,human_template,read,235,200,8.095,bench:human_template:id:2000000,redis_template
2026-05-01T09:24:47+05:30,human_template,read,236,200,1.901,bench:human_template:id:2000000,redis_template
2026-05-01T09:24:47+05:30,human_template,read,237,200,1.548,bench:human_template:id:2000000,redis_template
2026-05-01T09:24:47+05:30,human_template,read,238,200,1.440,bench:human_template:id:2000000,redis_template
2026-05-01T09:24:47+05:30,human_template,read,239,200,1.429,bench:human_template:id:2000000,redis_template
2026-05-01T09:24:47+05:30,human_template,read,240,200,1.946,bench:human_template:id:2000000,redis_template
2026-05-01T09:24:47+05:30,human_template,read,241,200,7.913,bench:human_template:id:2000000,redis_template
2026-05-01T09:24:47+05:30,human_template,read,242,200,1.414,bench:human_template:id:2000000,redis_template
2026-05-01T09:24:48+05:30,human_template,read,243,200,8.045,bench:human_template:id:2000000,redis_template
2026-05-01T09:24:48+05:30,human_template,read,244,200,1.565,bench:human_template:id:2000000,redis_template
2026-05-01T09:24:48+05:30,human_template,read,245,200,7.650,bench:human_template:id:2000000,redis_template
2026-05-01T09:24:48+05:30,human_template,read,246,200,1.369,bench:human_template:id:2000000,redis_template
2026-05-01T09:24:48+05:30,human_template,read,247,200,8.131,bench:human_template:id:2000000,redis_template
2026-05-01T09:24:48+05:30,human_template,read,248,200,1.553,bench:human_template:id:2000000,redis_template
2026-05-01T09:24:48+05:30,human_template,read,249,200,1.449,bench:human_template:id:2000000,redis_template
2026-05-01T09:24:48+05:30,human_template,read,250,200,1.687,bench:human_template:id:2000000,redis_template
